Time,Open,High,Low,Close,Qty,Number,VWAP
2023-05-14 00:00:00,0.2116,0.2116,0.2113,0.2113,3421.0,7,0.21156433791289098
2023-05-14 00:01:00,0.2112,0.2112,0.2112,0.2112,129.0,2,0.2112
2023-05-14 00:02:00,0.2112,0.2112,0.2112,0.2112,1755.0,6,0.2112
2023-05-14 00:03:00,0.2113,0.2113,0.2112,0.2112,4265.0,10,0.21120616647127785
2023-05-14 00:04:00,,,,,0.0,0,
2023-05-14 00:05:00,0.2111,0.2111,0.2109,0.2109,21702.0,27,0.21098055939544744
2023-05-14 00:06:00,0.211,0.211,0.2106,0.2108,8554.0,23,0.21072153378536357
2023-05-14 00:07:00,0.2109,0.211,0.2109,0.211,361.0,2,0.21093351800554014
2023-05-14 00:08:00,0.211,0.211,0.211,0.211,121.0,1,0.211
2023-05-14 00:09:00,0.211,0.211,0.2109,0.2109,794.0,4,0.21096952141057937
2023-05-14 00:10:00,0.2108,0.2108,0.2107,0.2107,194.0,2,0.21076237113402063
2023-05-14 00:11:00,0.2107,0.2112,0.2107,0.2111,10537.0,37,0.21096424029609945
2023-05-14 00:12:00,0.2111,0.2114,0.2111,0.2113,2896.0,15,0.2112221685082873
2023-05-14 00:13:00,0.2112,0.2112,0.2108,0.2111,32941.0,38,0.21091107434504114
2023-05-14 00:14:00,,,,,0.0,0,
2023-05-14 00:15:00,0.211,0.211,0.2109,0.2109,7991.0,11,0.2109157552246277
2023-05-14 00:16:00,,,,,0.0,0,
2023-05-14 00:17:00,0.2108,0.2108,0.2107,0.2107,4792.0,7,0.2107974958263773
2023-05-14 00:18:00,0.2107,0.2107,0.2107,0.2107,1123.0,1,0.2107
2023-05-14 00:19:00,0.2107,0.2107,0.2106,0.2106,309.0,3,0.21064822006472492
2023-05-14 00:20:00,0.2106,0.2106,0.2106,0.2106,1411.0,2,0.2106
2023-05-14 00:21:00,0.2106,0.2106,0.2104,0.2104,799.0,7,0.2105078848560701
2023-05-14 00:22:00,,,,,0.0,0,
2023-05-14 00:23:00,0.2104,0.2104,0.2104,0.2104,122.0,1,0.2104
2023-05-14 00:24:00,0.2105,0.2106,0.2105,0.2105,2647.0,3,0.21053581412920286
2023-05-14 00:25:00,,,,,0.0,0,
2023-05-14 00:26:00,0.2107,0.2108,0.2107,0.2108,5962.0,8,0.21071043274069104
2023-05-14 00:27:00,0.2109,0.2109,0.2109,0.2109,53.0,1,0.2109
2023-05-14 00:28:00,0.2109,0.211,0.2109,0.211,4714.0,13,0.21093691132795925
2023-05-14 00:29:00,0.2109,0.2109,0.2109,0.2109,860.0,1,0.2109
2023-05-14 00:30:00,,,,,0.0,0,
2023-05-14 00:31:00,,,,,0.0,0,
2023-05-14 00:32:00,0.2109,0.211,0.2109,0.211,2668.0,8,0.21094940029985007
2023-05-14 00:33:00,0.2111,0.2111,0.2111,0.2111,1824.0,3,0.2111
2023-05-14 00:34:00,0.2111,0.2112,0.211,0.211,7591.0,22,0.21107232248715585
2023-05-14 00:35:00,0.2108,0.2108,0.2107,0.2107,6462.0,10,0.2107871402042711
2023-05-14 00:36:00,0.2106,0.2106,0.2106,0.2106,121.0,1,0.2106
2023-05-14 00:37:00,,,,,0.0,0,
2023-05-14 00:38:00,0.2106,0.2106,0.2106,0.2106,1170.0,2,0.2106
2023-05-14 00:39:00,0.2104,0.2104,0.2104,0.2104,282.0,3,0.2104
2023-05-14 00:40:00,0.2104,0.2105,0.2102,0.2102,681.0,5,0.2104055800293686
2023-05-14 00:41:00,0.2101,0.2101,0.2097,0.2097,28800.0,43,0.2099490659722222
2023-05-14 00:42:00,0.2096,0.2096,0.209,0.2094,50409.0,132,0.20920549703425978
2023-05-14 00:43:00,0.2093,0.2095,0.2091,0.2095,6765.0,19,0.20937763488543978
2023-05-14 00:44:00,0.2096,0.2099,0.2096,0.2097,3261.0,29,0.20970196258816312
2023-05-14 00:45:00,0.2096,0.2096,0.2092,0.2092,5899.0,18,0.20934380403458214
2023-05-14 00:46:00,0.2092,0.2093,0.2092,0.2092,1224.0,7,0.20928014705882356
2023-05-14 00:47:00,0.2093,0.2093,0.2093,0.2093,240.0,1,0.20929999999999999
2023-05-14 00:48:00,0.2094,0.2096,0.2094,0.2095,3033.0,9,0.20956824925816023
2023-05-14 00:49:00,0.2095,0.2095,0.2095,0.2095,54.0,1,0.20950000000000002
2023-05-14 00:50:00,0.2094,0.2094,0.2094,0.2094,322.0,4,0.2094
2023-05-14 00:51:00,0.2093,0.2093,0.2093,0.2093,2359.0,2,0.20929999999999999
2023-05-14 00:52:00,0.2094,0.2094,0.2094,0.2094,1221.0,3,0.2094
2023-05-14 00:53:00,0.2095,0.2096,0.2095,0.2096,1873.0,10,0.2095604911906033
2023-05-14 00:54:00,0.2095,0.2095,0.2095,0.2095,2208.0,4,0.20950000000000002
2023-05-14 00:55:00,0.2096,0.2098,0.2096,0.2097,6682.0,13,0.2096539958096378
2023-05-14 00:56:00,0.2097,0.2101,0.2097,0.2101,12418.0,17,0.2098360605572556
2023-05-14 00:57:00,0.2101,0.2101,0.2101,0.2101,177.0,2,0.2101
2023-05-14 00:58:00,,,,,0.0,0,
2023-05-14 00:59:00,,,,,0.0,0,
2023-05-14 01:00:00,0.2101,0.2103,0.2101,0.2101,14649.0,28,0.21012015837258516
2023-05-14 01:01:00,0.2102,0.2102,0.2101,0.2101,240.0,2,0.21015
2023-05-14 01:02:00,,,,,0.0,0,
2023-05-14 01:03:00,,,,,0.0,0,
2023-05-14 01:04:00,0.2098,0.2098,0.2098,0.2098,228.0,1,0.20980000000000001
2023-05-14 01:05:00,,,,,0.0,0,
2023-05-14 01:06:00,0.2097,0.2097,0.2097,0.2097,602.0,2,0.2097
2023-05-14 01:07:00,0.2096,0.2096,0.2095,0.2095,3486.0,5,0.20959305794607
2023-05-14 01:08:00,,,,,0.0,0,
2023-05-14 01:09:00,0.2094,0.2094,0.2094,0.2094,241.0,2,0.2094
2023-05-14 01:10:00,0.2095,0.2095,0.2095,0.2095,120.0,1,0.2095
2023-05-14 01:11:00,0.2094,0.2094,0.2094,0.2094,120.0,1,0.2094
2023-05-14 01:12:00,0.2093,0.2093,0.2091,0.2091,3218.0,3,0.20920379117464263
2023-05-14 01:13:00,0.2091,0.2093,0.2091,0.2092,1912.0,10,0.20925591004184102
2023-05-14 01:14:00,,,,,0.0,0,
2023-05-14 01:15:00,,,,,0.0,0,
2023-05-14 01:16:00,0.209,0.209,0.2085,0.2087,13153.0,34,0.20887897817988293
2023-05-14 01:17:00,0.2088,0.2091,0.2088,0.209,5642.0,16,0.20888947181850406
2023-05-14 01:18:00,0.2091,0.2091,0.2091,0.2091,144.0,1,0.20909999999999998
2023-05-14 01:19:00,0.209,0.2091,0.209,0.2091,1677.0,3,0.209092725104353
2023-05-14 01:20:00,0.2091,0.2091,0.2091,0.2091,243.0,2,0.2091
2023-05-14 01:21:00,0.209,0.209,0.209,0.209,2005.0,1,0.20900000000000002
2023-05-14 01:22:00,0.2091,0.2091,0.2091,0.2091,122.0,1,0.2091
2023-05-14 01:23:00,0.2092,0.2095,0.2092,0.2094,7600.0,44,0.20934622368421052
2023-05-14 01:24:00,0.2094,0.2094,0.2094,0.2094,87.0,1,0.2094
2023-05-14 01:25:00,0.2095,0.2096,0.2095,0.2096,25123.0,34,0.20956766309756
2023-05-14 01:26:00,0.2097,0.2097,0.2097,0.2097,955.0,5,0.2097
2023-05-14 01:27:00,,,,,0.0,0,
2023-05-14 01:28:00,0.2096,0.2096,0.2096,0.2096,563.0,1,0.2096
2023-05-14 01:29:00,,,,,0.0,0,
2023-05-14 01:30:00,0.2097,0.2098,0.2097,0.2098,797.0,6,0.20975545796737766
2023-05-14 01:31:00,0.2099,0.2099,0.2099,0.2099,955.0,2,0.2099
2023-05-14 01:32:00,0.2099,0.2099,0.2099,0.2099,2633.0,9,0.2099
2023-05-14 01:33:00,,,,,0.0,0,
2023-05-14 01:34:00,0.2099,0.2099,0.2096,0.2096,16943.0,30,0.20976640500501684
2023-05-14 01:35:00,,,,,0.0,0,
2023-05-14 01:36:00,,,,,0.0,0,
2023-05-14 01:37:00,,,,,0.0,0,
2023-05-14 01:38:00,0.2097,0.2097,0.2097,0.2097,100.0,1,0.2097
2023-05-14 01:39:00,,,,,0.0,0,
2023-05-14 01:40:00,0.2096,0.2098,0.2096,0.2098,1076.0,4,0.20976626394052045
2023-05-14 01:41:00,,,,,0.0,0,
2023-05-14 01:42:00,0.2094,0.2094,0.2093,0.2093,1295.0,5,0.2093857915057915
2023-05-14 01:43:00,0.2092,0.2092,0.2092,0.2092,10130.0,10,0.2092
2023-05-14 01:44:00,0.2092,0.2092,0.2092,0.2092,121.0,1,0.2092
2023-05-14 01:45:00,0.2092,0.2093,0.2091,0.2092,32705.0,38,0.20914856138205168
2023-05-14 01:46:00,0.2092,0.2092,0.2092,0.2092,141.0,2,0.2092
2023-05-14 01:47:00,,,,,0.0,0,
2023-05-14 01:48:00,0.2092,0.2092,0.2092,0.2092,622.0,2,0.2092
2023-05-14 01:49:00,,,,,0.0,0,
2023-05-14 01:50:00,0.2092,0.2092,0.209,0.209,214.0,2,0.2091121495327103
2023-05-14 01:51:00,0.2091,0.2091,0.2091,0.2091,500.0,1,0.2091
2023-05-14 01:52:00,0.2091,0.2091,0.2091,0.2091,122.0,1,0.2091
2023-05-14 01:53:00,,,,,0.0,0,
2023-05-14 01:54:00,,,,,0.0,0,
2023-05-14 01:55:00,0.2093,0.2093,0.2093,0.2093,1457.0,4,0.2093
2023-05-14 01:56:00,0.2094,0.2094,0.2092,0.2092,148.0,2,0.20927297297297298
2023-05-14 01:57:00,0.2093,0.2093,0.2093,0.2093,232.0,2,0.2093
2023-05-14 01:58:00,,,,,0.0,0,
2023-05-14 01:59:00,,,,,0.0,0,
2023-05-14 02:00:00,,,,,0.0,0,
2023-05-14 02:01:00,0.2092,0.2093,0.2092,0.2093,5999.0,6,0.20929851641940325
2023-05-14 02:02:00,0.2093,0.2095,0.2093,0.2095,10157.0,4,0.209318145121591
2023-05-14 02:03:00,0.2094,0.2094,0.2092,0.2092,4670.0,6,0.20930002141327622
2023-05-14 02:04:00,0.2093,0.2095,0.2093,0.2094,10963.0,19,0.20946653288333483
2023-05-14 02:05:00,0.2095,0.2095,0.2092,0.2092,538.0,5,0.20940185873605946
2023-05-14 02:06:00,0.2092,0.2092,0.2092,0.2092,4763.0,8,0.2092
2023-05-14 02:07:00,0.2092,0.2094,0.2092,0.2094,4733.0,3,0.2092706528628777
2023-05-14 02:08:00,0.2093,0.2093,0.2093,0.2093,870.0,2,0.2093
2023-05-14 02:09:00,0.2093,0.2093,0.2092,0.2092,3535.0,2,0.2092098727015559
2023-05-14 02:10:00,0.2092,0.2092,0.2092,0.2092,596.0,1,0.2092
2023-05-14 02:11:00,,,,,0.0,0,
2023-05-14 02:12:00,0.2094,0.2095,0.2094,0.2095,1215.0,14,0.2094917695473251
2023-05-14 02:13:00,0.2096,0.2096,0.2096,0.2096,120.0,1,0.2096
2023-05-14 02:14:00,,,,,0.0,0,
2023-05-14 02:15:00,,,,,0.0,0,
2023-05-14 02:16:00,,,,,0.0,0,
2023-05-14 02:17:00,0.2096,0.2096,0.2096,0.2096,120.0,1,0.2096
2023-05-14 02:18:00,0.2096,0.2096,0.2096,0.2096,121.0,1,0.20959999999999998
2023-05-14 02:19:00,0.2095,0.2096,0.2095,0.2096,195.0,2,0.20953846153846153
2023-05-14 02:20:00,0.2094,0.2097,0.2094,0.2097,689.0,4,0.2095991291727141
2023-05-14 02:21:00,0.2098,0.2098,0.2098,0.2098,1616.0,13,0.20980000000000001
2023-05-14 02:22:00,,,,,0.0,0,
2023-05-14 02:23:00,0.21,0.2101,0.21,0.2101,3346.0,18,0.21000720263000597
2023-05-14 02:24:00,,,,,0.0,0,
2023-05-14 02:25:00,,,,,0.0,0,
2023-05-14 02:26:00,,,,,0.0,0,
2023-05-14 02:27:00,0.2101,0.2101,0.2101,0.2101,1360.0,2,0.21009999999999998
2023-05-14 02:28:00,,,,,0.0,0,
2023-05-14 02:29:00,,,,,0.0,0,
2023-05-14 02:30:00,0.2102,0.2105,0.2102,0.2104,41929.0,47,0.21038332657587827
2023-05-14 02:31:00,0.2103,0.2103,0.2103,0.2103,3130.0,6,0.21030000000000001
2023-05-14 02:32:00,0.2102,0.2102,0.2102,0.2102,121.0,1,0.2102
2023-05-14 02:33:00,,,,,0.0,0,
2023-05-14 02:34:00,,,,,0.0,0,
2023-05-14 02:35:00,0.2102,0.2102,0.2101,0.2101,4097.0,5,0.21015247742250426
2023-05-14 02:36:00,,,,,0.0,0,
2023-05-14 02:37:00,0.21,0.21,0.2098,0.2098,6024.0,13,0.20992099933598937
2023-05-14 02:38:00,0.2098,0.21,0.2098,0.2099,3421.0,21,0.20991104940076
2023-05-14 02:39:00,0.21,0.21,0.21,0.21,121.0,1,0.21
2023-05-14 02:40:00,,,,,0.0,0,
2023-05-14 02:41:00,0.21,0.21,0.21,0.21,121.0,1,0.21
2023-05-14 02:42:00,,,,,0.0,0,
2023-05-14 02:43:00,,,,,0.0,0,
2023-05-14 02:44:00,0.21,0.21,0.2099,0.2099,1722.0,3,0.2099232868757259
2023-05-14 02:45:00,0.2099,0.2102,0.2099,0.2102,9357.0,16,0.21009338463182645
2023-05-14 02:46:00,,,,,0.0,0,
2023-05-14 02:47:00,,,,,0.0,0,
2023-05-14 02:48:00,0.2101,0.2101,0.2101,0.2101,303.0,3,0.2101
2023-05-14 02:49:00,,,,,0.0,0,
2023-05-14 02:50:00,0.2102,0.2104,0.2102,0.2104,5191.0,24,0.21028302831824314
2023-05-14 02:51:00,0.2104,0.2104,0.2104,0.2104,638.0,1,0.21039999999999998
2023-05-14 02:52:00,,,,,0.0,0,
2023-05-14 02:53:00,,,,,0.0,0,
2023-05-14 02:54:00,0.2104,0.2104,0.2104,0.2104,121.0,1,0.2104
2023-05-14 02:55:00,0.2104,0.2104,0.2104,0.2104,620.0,2,0.2104
2023-05-14 02:56:00,0.2105,0.2105,0.2105,0.2105,2993.0,21,0.21050000000000002
2023-05-14 02:57:00,,,,,0.0,0,
2023-05-14 02:58:00,0.2106,0.2106,0.2106,0.2106,71.0,1,0.2106
2023-05-14 02:59:00,0.2106,0.2106,0.2105,0.2105,241.0,2,0.21055020746887967
2023-05-14 03:00:00,,,,,0.0,0,
2023-05-14 03:01:00,0.2105,0.2105,0.2105,0.2105,121.0,1,0.21050000000000002
2023-05-14 03:02:00,,,,,0.0,0,
2023-05-14 03:03:00,0.2105,0.2105,0.2105,0.2105,596.0,2,0.2105
2023-05-14 03:04:00,,,,,0.0,0,
2023-05-14 03:05:00,0.2105,0.2105,0.2105,0.2105,54.0,1,0.21050000000000002
2023-05-14 03:06:00,,,,,0.0,0,
2023-05-14 03:07:00,0.2105,0.2105,0.2104,0.2104,8288.0,13,0.21049346042471043
2023-05-14 03:08:00,0.2105,0.2105,0.2105,0.2105,325.0,1,0.2105
2023-05-14 03:09:00,0.2105,0.2106,0.2105,0.2106,127.0,2,0.21055118110236223
2023-05-14 03:10:00,,,,,0.0,0,
2023-05-14 03:11:00,,,,,0.0,0,
2023-05-14 03:12:00,,,,,0.0,0,
2023-05-14 03:13:00,0.2106,0.2106,0.2106,0.2106,2258.0,8,0.2106
2023-05-14 03:14:00,0.2107,0.2108,0.2107,0.2108,2653.0,17,0.21070188465887676
2023-05-14 03:15:00,0.2108,0.2109,0.2107,0.2107,2878.0,20,0.21083009034051425
2023-05-14 03:16:00,0.2107,0.2107,0.2106,0.2106,5128.0,4,0.21060126755070205
2023-05-14 03:17:00,,,,,0.0,0,
2023-05-14 03:18:00,0.2107,0.2107,0.2107,0.2107,93.0,1,0.2107
2023-05-14 03:19:00,0.2106,0.211,0.2106,0.211,15521.0,41,0.21090656529862764
2023-05-14 03:20:00,0.2109,0.2109,0.2109,0.2109,981.0,2,0.2109
2023-05-14 03:21:00,0.2108,0.2108,0.2108,0.2108,2175.0,6,0.21080000000000002
2023-05-14 03:22:00,0.2109,0.2109,0.2109,0.2109,204.0,3,0.21089999999999998
2023-05-14 03:23:00,0.2108,0.2108,0.2108,0.2108,120.0,1,0.2108
2023-05-14 03:24:00,0.2108,0.2109,0.2108,0.2109,2026.0,19,0.21089402764067128
2023-05-14 03:25:00,0.2108,0.2111,0.2108,0.2111,3789.0,29,0.21102713116917393
2023-05-14 03:26:00,,,,,0.0,0,
2023-05-14 03:27:00,,,,,0.0,0,
2023-05-14 03:28:00,0.2111,0.2113,0.2111,0.2113,846.0,12,0.21113309692671392
2023-05-14 03:29:00,0.2113,0.2113,0.2112,0.2112,294.0,4,0.21127448979591837
2023-05-14 03:30:00,0.2113,0.2113,0.2113,0.2113,367.0,1,0.2113
2023-05-14 03:31:00,0.2112,0.2112,0.2111,0.2112,908.0,6,0.21113138766519823
2023-05-14 03:32:00,0.2112,0.2112,0.2112,0.2112,100.0,1,0.2112
2023-05-14 03:33:00,0.2113,0.2114,0.2113,0.2114,1233.0,12,0.2113097323600973
2023-05-14 03:34:00,0.2113,0.2114,0.2113,0.2114,22702.0,10,0.21139947581710863
2023-05-14 03:35:00,0.2114,0.2114,0.2114,0.2114,100.0,1,0.2114
2023-05-14 03:36:00,,,,,0.0,0,
2023-05-14 03:37:00,0.2114,0.2114,0.2113,0.2113,2777.0,6,0.21130432120993878
2023-05-14 03:38:00,,,,,0.0,0,
2023-05-14 03:39:00,0.2114,0.2116,0.2114,0.2115,1560.0,18,0.21143647435897434
2023-05-14 03:40:00,,,,,0.0,0,
2023-05-14 03:41:00,0.2114,0.2114,0.2113,0.2113,520.0,8,0.21132288461538462
2023-05-14 03:42:00,0.2112,0.2113,0.2112,0.2113,3365.0,25,0.2112695690936107
2023-05-14 03:43:00,0.2114,0.2115,0.2114,0.2115,6400.0,23,0.211484515625
2023-05-14 03:44:00,0.2116,0.2116,0.2116,0.2116,1579.0,6,0.2116
2023-05-14 03:45:00,0.2116,0.2119,0.2115,0.2115,14934.0,36,0.21172201017811704
2023-05-14 03:46:00,,,,,0.0,0,
2023-05-14 03:47:00,0.2114,0.2116,0.2114,0.2116,2040.0,14,0.2115813725490196
2023-05-14 03:48:00,,,,,0.0,0,
2023-05-14 03:49:00,0.2117,0.2118,0.2117,0.2118,1558.0,15,0.21172105263157895
2023-05-14 03:50:00,0.2118,0.2118,0.2116,0.2116,1302.0,4,0.21170837173579107
2023-05-14 03:51:00,0.2116,0.2118,0.2116,0.2118,6065.0,14,0.21168725474031327
2023-05-14 03:52:00,0.2118,0.2118,0.2117,0.2118,1723.0,4,0.2117930934416715
2023-05-14 03:53:00,0.2116,0.2116,0.2116,0.2116,2550.0,5,0.2116
2023-05-14 03:54:00,0.2117,0.2118,0.2117,0.2118,3068.0,15,0.21172483702737938
2023-05-14 03:55:00,,,,,0.0,0,
2023-05-14 03:56:00,,,,,0.0,0,
2023-05-14 03:57:00,0.2118,0.2119,0.2118,0.2119,1970.0,12,0.21184984771573603
2023-05-14 03:58:00,0.2119,0.2119,0.2119,0.2119,100.0,1,0.2119
2023-05-14 03:59:00,,,,,0.0,0,
2023-05-14 04:00:00,0.2116,0.2117,0.2115,0.2117,7548.0,8,0.2116535771065183
2023-05-14 04:01:00,,,,,0.0,0,
2023-05-14 04:02:00,0.2117,0.2117,0.2117,0.2117,240.0,2,0.2117
2023-05-14 04:03:00,,,,,0.0,0,
2023-05-14 04:04:00,0.2117,0.2117,0.2117,0.2117,2311.0,1,0.2117
2023-05-14 04:05:00,0.2116,0.2116,0.2114,0.2114,6556.0,9,0.21147217815741304
2023-05-14 04:06:00,0.2113,0.2113,0.2113,0.2113,120.0,1,0.21130000000000002
2023-05-14 04:07:00,0.2114,0.2114,0.2114,0.2114,596.0,1,0.2114
2023-05-14 04:08:00,,,,,0.0,0,
2023-05-14 04:09:00,0.2115,0.2116,0.2115,0.2116,1186.0,3,0.21151661045531198
2023-05-14 04:10:00,,,,,0.0,0,
2023-05-14 04:11:00,0.2115,0.2115,0.2113,0.2113,1349.0,4,0.21141482579688659
2023-05-14 04:12:00,0.2113,0.2114,0.2113,0.2114,1825.0,4,0.21136076712328766
2023-05-14 04:13:00,0.2115,0.2117,0.2115,0.2116,2003.0,12,0.2115616575137294
2023-05-14 04:14:00,0.2116,0.2116,0.2116,0.2116,100.0,2,0.2116
2023-05-14 04:15:00,0.2116,0.2116,0.2114,0.2114,3818.0,10,0.21154274489261393
2023-05-14 04:16:00,,,,,0.0,0,
2023-05-14 04:17:00,0.2113,0.2113,0.2112,0.2112,359.0,4,0.211266573816156
2023-05-14 04:18:00,0.2112,0.2112,0.2112,0.2112,120.0,1,0.2112
2023-05-14 04:19:00,,,,,0.0,0,
2023-05-14 04:20:00,,,,,0.0,0,
2023-05-14 04:21:00,0.2113,0.2113,0.2113,0.2113,236.0,3,0.2113
2023-05-14 04:22:00,0.2113,0.2113,0.2113,0.2113,873.0,10,0.2113
2023-05-14 04:23:00,,,,,0.0,0,
2023-05-14 04:24:00,0.2114,0.2115,0.2114,0.2115,1482.0,10,0.21143326585695008
2023-05-14 04:25:00,0.2114,0.2114,0.2114,0.2114,120.0,1,0.21139999999999998
2023-05-14 04:26:00,0.2112,0.2112,0.2111,0.2111,238.0,2,0.21114999999999998
2023-05-14 04:27:00,,,,,0.0,0,
2023-05-14 04:28:00,0.2112,0.2112,0.2112,0.2112,236.0,2,0.21119999999999997
2023-05-14 04:29:00,0.2112,0.2114,0.2112,0.2114,1455.0,14,0.21131567010309277
2023-05-14 04:30:00,0.2113,0.2117,0.2112,0.2115,9381.0,23,0.21134498454322564
2023-05-14 04:31:00,,,,,0.0,0,
2023-05-14 04:32:00,,,,,0.0,0,
2023-05-14 04:33:00,0.2117,0.2118,0.2117,0.2118,4195.0,5,0.21177647199046484
2023-05-14 04:34:00,0.2118,0.2119,0.2118,0.2119,1226.0,3,0.2118097879282219
2023-05-14 04:35:00,0.2118,0.212,0.2118,0.212,16490.0,30,0.21190091570648878
2023-05-14 04:36:00,0.212,0.212,0.212,0.212,188.0,2,0.21200000000000002
2023-05-14 04:37:00,0.212,0.212,0.212,0.212,942.0,3,0.21200000000000002
2023-05-14 04:38:00,,,,,0.0,0,
2023-05-14 04:39:00,0.212,0.212,0.212,0.212,120.0,1,0.21200000000000002
2023-05-14 04:40:00,0.212,0.212,0.212,0.212,1188.0,3,0.212
2023-05-14 04:41:00,,,,,0.0,0,
2023-05-14 04:42:00,0.2119,0.2119,0.2118,0.2118,5874.0,4,0.2118020429009193
2023-05-14 04:43:00,0.2117,0.2118,0.2117,0.2118,1075.0,3,0.21179116279069768
2023-05-14 04:44:00,,,,,0.0,0,
2023-05-14 04:45:00,0.2119,0.212,0.2119,0.212,6987.0,13,0.21198588807785887
2023-05-14 04:46:00,0.2118,0.2119,0.2117,0.2117,4749.0,11,0.21175346388713412
2023-05-14 04:47:00,,,,,0.0,0,
2023-05-14 04:48:00,0.2116,0.2117,0.2116,0.2117,26211.0,14,0.21160137346915417
2023-05-14 04:49:00,0.2118,0.2118,0.2118,0.2118,1105.0,3,0.2118
2023-05-14 04:50:00,0.2118,0.212,0.2118,0.212,3357.0,10,0.21191689008042894
2023-05-14 04:51:00,0.2119,0.2119,0.2115,0.2115,5937.0,12,0.21172735388243222
2023-05-14 04:52:00,0.2116,0.2116,0.2116,0.2116,120.0,1,0.21159999999999998
2023-05-14 04:53:00,0.2116,0.2117,0.2116,0.2116,451.0,3,0.21164700665188468
2023-05-14 04:54:00,,,,,0.0,0,
2023-05-14 04:55:00,0.2117,0.2117,0.2116,0.2116,2836.0,8,0.2116147743300423
2023-05-14 04:56:00,,,,,0.0,0,
2023-05-14 04:57:00,0.2116,0.2118,0.2116,0.2117,316.0,3,0.21170284810126583
2023-05-14 04:58:00,,,,,0.0,0,
2023-05-14 04:59:00,,,,,0.0,0,
2023-05-14 05:00:00,0.2118,0.2118,0.2118,0.2118,154.0,3,0.2118
2023-05-14 05:01:00,,,,,0.0,0,
2023-05-14 05:02:00,,,,,0.0,0,
2023-05-14 05:03:00,0.2116,0.2117,0.2116,0.2117,1638.0,15,0.21168589743589744
2023-05-14 05:04:00,,,,,0.0,0,
2023-05-14 05:05:00,,,,,0.0,0,
2023-05-14 05:06:00,,,,,0.0,0,
2023-05-14 05:07:00,,,,,0.0,0,
2023-05-14 05:08:00,,,,,0.0,0,
2023-05-14 05:09:00,0.2116,0.2117,0.2116,0.2117,470.0,5,0.2116263829787234
2023-05-14 05:10:00,0.2117,0.2117,0.2117,0.2117,1729.0,7,0.2117
2023-05-14 05:11:00,0.2118,0.2118,0.2118,0.2118,2360.0,4,0.2118
2023-05-14 05:12:00,0.2118,0.2118,0.2118,0.2118,560.0,3,0.2118
2023-05-14 05:13:00,,,,,0.0,0,
2023-05-14 05:14:00,0.2117,0.2117,0.2117,0.2117,1322.0,1,0.21169999999999997
2023-05-14 05:15:00,0.2117,0.2117,0.2117,0.2117,120.0,1,0.2117
2023-05-14 05:16:00,,,,,0.0,0,
2023-05-14 05:17:00,,,,,0.0,0,
2023-05-14 05:18:00,,,,,0.0,0,
2023-05-14 05:19:00,,,,,0.0,0,
2023-05-14 05:20:00,0.2117,0.2119,0.2117,0.2119,3036.0,17,0.21178422266139657
2023-05-14 05:21:00,,,,,0.0,0,
2023-05-14 05:22:00,,,,,0.0,0,
2023-05-14 05:23:00,,,,,0.0,0,
2023-05-14 05:24:00,0.2119,0.2119,0.2119,0.2119,461.0,4,0.2119
2023-05-14 05:25:00,,,,,0.0,0,
2023-05-14 05:26:00,,,,,0.0,0,
2023-05-14 05:27:00,,,,,0.0,0,
2023-05-14 05:28:00,0.2117,0.2117,0.2117,0.2117,773.0,2,0.2117
2023-05-14 05:29:00,0.2117,0.2117,0.2116,0.2116,29892.0,28,0.21160157232704402
2023-05-14 05:30:00,0.2115,0.2117,0.2115,0.2116,5605.0,14,0.21160515611061553
2023-05-14 05:31:00,0.2116,0.2116,0.2115,0.2115,1111.0,3,0.2115807380738074
2023-05-14 05:32:00,0.2115,0.2115,0.2115,0.2115,248.0,1,0.2115
2023-05-14 05:33:00,,,,,0.0,0,
2023-05-14 05:34:00,,,,,0.0,0,
2023-05-14 05:35:00,0.2115,0.2115,0.2115,0.2115,120.0,1,0.2115
2023-05-14 05:36:00,,,,,0.0,0,
2023-05-14 05:37:00,,,,,0.0,0,
2023-05-14 05:38:00,,,,,0.0,0,
2023-05-14 05:39:00,0.2115,0.2115,0.2113,0.2113,668.0,5,0.2113763473053892
2023-05-14 05:40:00,0.2114,0.2114,0.2114,0.2114,120.0,1,0.21139999999999998
2023-05-14 05:41:00,,,,,0.0,0,
2023-05-14 05:42:00,0.2114,0.2114,0.2113,0.2113,1076.0,3,0.21130650557620817
2023-05-14 05:43:00,,,,,0.0,0,
2023-05-14 05:44:00,0.2114,0.2114,0.2114,0.2114,6552.0,17,0.21139999999999998
2023-05-14 05:45:00,0.2114,0.2116,0.2114,0.2116,1013.0,11,0.21143534057255675
2023-05-14 05:46:00,,,,,0.0,0,
2023-05-14 05:47:00,0.2116,0.2116,0.2116,0.2116,100.0,1,0.2116
2023-05-14 05:48:00,0.2115,0.2116,0.2115,0.2116,165.0,2,0.21156060606060606
2023-05-14 05:49:00,,,,,0.0,0,
2023-05-14 05:50:00,,,,,0.0,0,
2023-05-14 05:51:00,0.2115,0.2115,0.2115,0.2115,1573.0,1,0.2115
2023-05-14 05:52:00,,,,,0.0,0,
2023-05-14 05:53:00,0.2115,0.2115,0.2114,0.2114,1198.0,2,0.2114100166944908
2023-05-14 05:54:00,0.2113,0.2113,0.2113,0.2113,120.0,1,0.21130000000000002
2023-05-14 05:55:00,,,,,0.0,0,
2023-05-14 05:56:00,0.2113,0.2113,0.2113,0.2113,1023.0,3,0.2113
2023-05-14 05:57:00,,,,,0.0,0,
2023-05-14 05:58:00,0.2113,0.2113,0.2112,0.2112,883.0,3,0.21121347678369196
2023-05-14 05:59:00,,,,,0.0,0,
2023-05-14 06:00:00,0.2113,0.2114,0.2113,0.2114,8748.0,25,0.21132016460905348
2023-05-14 06:01:00,0.2114,0.2117,0.2114,0.2116,7919.0,18,0.21157995959085743
2023-05-14 06:02:00,0.2116,0.2116,0.2116,0.2116,1736.0,4,0.2116
2023-05-14 06:03:00,0.2116,0.2116,0.2116,0.2116,431.0,2,0.21159999999999998
2023-05-14 06:04:00,,,,,0.0,0,
2023-05-14 06:05:00,0.2115,0.2115,0.2115,0.2115,405.0,2,0.2115
2023-05-14 06:06:00,0.2115,0.2115,0.2114,0.2114,2767.0,3,0.21144662088904947
2023-05-14 06:07:00,,,,,0.0,0,
2023-05-14 06:08:00,,,,,0.0,0,
2023-05-14 06:09:00,0.2115,0.2115,0.2115,0.2115,954.0,11,0.2115
2023-05-14 06:10:00,0.2115,0.2115,0.2115,0.2115,195.0,2,0.2115
2023-05-14 06:11:00,0.2115,0.2115,0.2113,0.2113,475.0,3,0.21135052631578946
2023-05-14 06:12:00,0.2114,0.2114,0.2114,0.2114,689.0,2,0.21140000000000003
2023-05-14 06:13:00,0.2116,0.2116,0.2116,0.2116,131.0,2,0.2116
2023-05-14 06:14:00,0.2115,0.2116,0.2115,0.2116,560.0,6,0.21158321428571428
2023-05-14 06:15:00,0.2116,0.2117,0.2116,0.2116,3400.0,33,0.21161102941176468
2023-05-14 06:16:00,,,,,0.0,0,
2023-05-14 06:17:00,0.2116,0.2118,0.2116,0.2118,1428.0,13,0.2116168067226891
2023-05-14 06:18:00,,,,,0.0,0,
2023-05-14 06:19:00,0.2118,0.2119,0.2118,0.2119,1085.0,12,0.2118083870967742
2023-05-14 06:20:00,0.2118,0.2119,0.2118,0.2119,2627.0,16,0.21186029691663494
2023-05-14 06:21:00,0.212,0.212,0.212,0.212,2108.0,4,0.212
2023-05-14 06:22:00,0.2121,0.2121,0.212,0.212,361.0,7,0.21203240997229916
2023-05-14 06:23:00,0.2121,0.2121,0.2121,0.2121,565.0,2,0.2121
2023-05-14 06:24:00,,,,,0.0,0,
2023-05-14 06:25:00,0.2121,0.2121,0.2121,0.2121,15299.0,17,0.21209999999999998
2023-05-14 06:26:00,0.212,0.2122,0.212,0.2122,2030.0,8,0.21207684729064039
2023-05-14 06:27:00,,,,,0.0,0,
2023-05-14 06:28:00,,,,,0.0,0,
2023-05-14 06:29:00,0.2121,0.2121,0.2121,0.2121,120.0,1,0.2121
2023-05-14 06:30:00,0.212,0.212,0.212,0.212,119.0,1,0.21200000000000002
2023-05-14 06:31:00,0.2121,0.2121,0.2118,0.2118,4386.0,10,0.21199742362061103
2023-05-14 06:32:00,,,,,0.0,0,
2023-05-14 06:33:00,0.2119,0.2119,0.2118,0.2118,239.0,2,0.2118502092050209
2023-05-14 06:34:00,0.2118,0.2118,0.2118,0.2118,116.0,1,0.2118
2023-05-14 06:35:00,0.2119,0.2119,0.2119,0.2119,979.0,2,0.21190000000000003
2023-05-14 06:36:00,,,,,0.0,0,
2023-05-14 06:37:00,0.2119,0.2119,0.2119,0.2119,120.0,1,0.2119
2023-05-14 06:38:00,,,,,0.0,0,
2023-05-14 06:39:00,,,,,0.0,0,
2023-05-14 06:40:00,,,,,0.0,0,
2023-05-14 06:41:00,,,,,0.0,0,
2023-05-14 06:42:00,0.2119,0.2119,0.2119,0.2119,980.0,2,0.2119
2023-05-14 06:43:00,0.2119,0.2119,0.2118,0.2118,523.0,3,0.21189005736137667
2023-05-14 06:44:00,0.2119,0.2119,0.2118,0.2118,2137.0,4,0.21180561534861955
2023-05-14 06:45:00,,,,,0.0,0,
2023-05-14 06:46:00,0.2119,0.2119,0.2118,0.2118,979.0,2,0.21181215526046987
2023-05-14 06:47:00,0.2119,0.212,0.2119,0.212,4301.0,7,0.21194912810974192
2023-05-14 06:48:00,,,,,0.0,0,
2023-05-14 06:49:00,,,,,0.0,0,
2023-05-14 06:50:00,,,,,0.0,0,
2023-05-14 06:51:00,,,,,0.0,0,
2023-05-14 06:52:00,0.2119,0.2119,0.2119,0.2119,120.0,1,0.2119
2023-05-14 06:53:00,,,,,0.0,0,
2023-05-14 06:54:00,0.212,0.212,0.212,0.212,227.0,2,0.21200000000000002
2023-05-14 06:55:00,,,,,0.0,0,
2023-05-14 06:56:00,,,,,0.0,0,
2023-05-14 06:57:00,,,,,0.0,0,
2023-05-14 06:58:00,0.2119,0.2119,0.2118,0.2118,785.0,2,0.21181528662420382
2023-05-14 06:59:00,0.2118,0.2118,0.2118,0.2118,314.0,2,0.21180000000000002
2023-05-14 07:00:00,0.2119,0.212,0.2119,0.212,194.0,2,0.2119381443298969
2023-05-14 07:01:00,,,,,0.0,0,
2023-05-14 07:02:00,,,,,0.0,0,
2023-05-14 07:03:00,0.2119,0.2119,0.2119,0.2119,7563.0,4,0.2119
2023-05-14 07:04:00,,,,,0.0,0,
2023-05-14 07:05:00,,,,,0.0,0,
2023-05-14 07:06:00,,,,,0.0,0,
2023-05-14 07:07:00,,,,,0.0,0,
2023-05-14 07:08:00,0.212,0.212,0.212,0.212,118.0,1,0.212
2023-05-14 07:09:00,0.2119,0.2119,0.2119,0.2119,528.0,2,0.2119
2023-05-14 07:10:00,,,,,0.0,0,
2023-05-14 07:11:00,,,,,0.0,0,
2023-05-14 07:12:00,0.212,0.212,0.2118,0.2118,1732.0,6,0.21195981524249422
2023-05-14 07:13:00,0.2119,0.2119,0.2119,0.2119,3980.0,3,0.21190000000000003
2023-05-14 07:14:00,,,,,0.0,0,
2023-05-14 07:15:00,0.2119,0.2119,0.2118,0.2118,751.0,3,0.21181584553928096
2023-05-14 07:16:00,0.2119,0.2119,0.2119,0.2119,100.0,1,0.2119
2023-05-14 07:17:00,,,,,0.0,0,
2023-05-14 07:18:00,,,,,0.0,0,
2023-05-14 07:19:00,,,,,0.0,0,
2023-05-14 07:20:00,0.2117,0.2117,0.2117,0.2117,4117.0,10,0.2117
2023-05-14 07:21:00,,,,,0.0,0,
2023-05-14 07:22:00,,,,,0.0,0,
2023-05-14 07:23:00,,,,,0.0,0,
2023-05-14 07:24:00,,,,,0.0,0,
2023-05-14 07:25:00,0.2118,0.2118,0.2118,0.2118,979.0,3,0.2118
2023-05-14 07:26:00,,,,,0.0,0,
2023-05-14 07:27:00,0.2117,0.2117,0.2117,0.2117,119.0,1,0.2117
2023-05-14 07:28:00,,,,,0.0,0,
2023-05-14 07:29:00,,,,,0.0,0,
2023-05-14 07:30:00,0.2117,0.2117,0.2117,0.2117,845.0,5,0.21170000000000003
2023-05-14 07:31:00,0.2118,0.2118,0.2118,0.2118,617.0,2,0.2118
2023-05-14 07:32:00,0.2117,0.2117,0.2117,0.2117,119.0,1,0.2117
2023-05-14 07:33:00,,,,,0.0,0,
2023-05-14 07:34:00,,,,,0.0,0,
2023-05-14 07:35:00,,,,,0.0,0,
2023-05-14 07:36:00,,,,,0.0,0,
2023-05-14 07:37:00,0.2117,0.2117,0.2117,0.2117,50.0,1,0.21170000000000003
2023-05-14 07:38:00,,,,,0.0,0,
2023-05-14 07:39:00,,,,,0.0,0,
2023-05-14 07:40:00,0.2117,0.2117,0.2117,0.2117,120.0,1,0.2117
2023-05-14 07:41:00,0.2118,0.2118,0.2118,0.2118,337.0,3,0.2118
2023-05-14 07:42:00,0.2118,0.2119,0.2118,0.2118,1015.0,3,0.2118077832512315
2023-05-14 07:43:00,0.2118,0.2118,0.2118,0.2118,462.0,2,0.2118
2023-05-14 07:44:00,,,,,0.0,0,
2023-05-14 07:45:00,,,,,0.0,0,
2023-05-14 07:46:00,,,,,0.0,0,
2023-05-14 07:47:00,,,,,0.0,0,
2023-05-14 07:48:00,0.2116,0.2116,0.2116,0.2116,200.0,1,0.2116
2023-05-14 07:49:00,,,,,0.0,0,
2023-05-14 07:50:00,0.2117,0.2117,0.2117,0.2117,772.0,2,0.2117
2023-05-14 07:51:00,,,,,0.0,0,
2023-05-14 07:52:00,,,,,0.0,0,
2023-05-14 07:53:00,,,,,0.0,0,
2023-05-14 07:54:00,0.2117,0.2118,0.2117,0.2117,2303.0,6,0.2117409900130265
2023-05-14 07:55:00,,,,,0.0,0,
2023-05-14 07:56:00,0.2116,0.2117,0.2116,0.2117,1618.0,4,0.21166792336217552
2023-05-14 07:57:00,0.2118,0.2118,0.2118,0.2118,4638.0,5,0.2118
2023-05-14 07:58:00,0.2119,0.2119,0.2119,0.2119,1011.0,1,0.2119
2023-05-14 07:59:00,0.2119,0.2119,0.2119,0.2119,6673.0,5,0.21189999999999998
2023-05-14 08:00:00,0.2117,0.2118,0.2117,0.2118,3211.0,6,0.21171037060105888
2023-05-14 08:01:00,0.2118,0.212,0.2118,0.212,7354.0,22,0.21191966276856133
2023-05-14 08:02:00,0.2119,0.2119,0.2119,0.2119,120.0,1,0.2119
2023-05-14 08:03:00,0.2118,0.2118,0.2116,0.2116,239.0,2,0.21170041841004186
2023-05-14 08:04:00,,,,,0.0,0,
2023-05-14 08:05:00,0.2117,0.2117,0.2117,0.2117,120.0,1,0.2117
2023-05-14 08:06:00,,,,,0.0,0,
2023-05-14 08:07:00,0.2116,0.2116,0.2116,0.2116,212.0,2,0.2116
2023-05-14 08:08:00,,,,,0.0,0,
2023-05-14 08:09:00,0.2116,0.2117,0.2116,0.2117,20796.0,20,0.21160016830159648
2023-05-14 08:10:00,0.2115,0.2115,0.2115,0.2115,501.0,2,0.2115
2023-05-14 08:11:00,,,,,0.0,0,
2023-05-14 08:12:00,0.2117,0.2117,0.2117,0.2117,94.0,1,0.2117
2023-05-14 08:13:00,0.2115,0.2115,0.2115,0.2115,229.0,1,0.21150000000000002
2023-05-14 08:14:00,0.2116,0.2116,0.2116,0.2116,120.0,1,0.21159999999999998
2023-05-14 08:15:00,0.2116,0.2118,0.2116,0.2118,4072.0,8,0.2117496807465619
2023-05-14 08:16:00,0.2118,0.2119,0.2117,0.2119,56500.0,30,0.2117396424778761
2023-05-14 08:17:00,,,,,0.0,0,
2023-05-14 08:18:00,0.2119,0.212,0.2119,0.212,1185.0,5,0.21197350210970464
2023-05-14 08:19:00,,,,,0.0,0,
2023-05-14 08:20:00,0.2118,0.2118,0.2118,0.2118,527.0,1,0.2118
2023-05-14 08:21:00,0.2119,0.2119,0.2119,0.2119,1045.0,3,0.21189999999999998
2023-05-14 08:22:00,0.212,0.212,0.212,0.212,120.0,1,0.21200000000000002
2023-05-14 08:23:00,0.212,0.212,0.212,0.212,183.0,2,0.212
2023-05-14 08:24:00,,,,,0.0,0,
2023-05-14 08:25:00,0.212,0.212,0.212,0.212,3376.0,6,0.212
2023-05-14 08:26:00,,,,,0.0,0,
2023-05-14 08:27:00,,,,,0.0,0,
2023-05-14 08:28:00,,,,,0.0,0,
2023-05-14 08:29:00,0.2118,0.2118,0.2118,0.2118,944.0,4,0.2118
2023-05-14 08:30:00,,,,,0.0,0,
2023-05-14 08:31:00,0.2118,0.2119,0.2118,0.2119,5122.0,9,0.21180234283483013
2023-05-14 08:32:00,0.212,0.212,0.212,0.212,58.0,1,0.212
2023-05-14 08:33:00,,,,,0.0,0,
2023-05-14 08:34:00,,,,,0.0,0,
2023-05-14 08:35:00,0.2119,0.2119,0.2119,0.2119,119.0,1,0.2119
2023-05-14 08:36:00,,,,,0.0,0,
2023-05-14 08:37:00,,,,,0.0,0,
2023-05-14 08:38:00,,,,,0.0,0,
2023-05-14 08:39:00,0.2121,0.2122,0.2121,0.2121,3128.0,14,0.21219235933503836
2023-05-14 08:40:00,,,,,0.0,0,
2023-05-14 08:41:00,,,,,0.0,0,
2023-05-14 08:42:00,0.2121,0.2121,0.2121,0.2121,101.0,1,0.2121
2023-05-14 08:43:00,0.2121,0.2121,0.2121,0.2121,94.0,2,0.21209999999999996
2023-05-14 08:44:00,0.212,0.212,0.212,0.212,258.0,2,0.212
2023-05-14 08:45:00,,,,,0.0,0,
2023-05-14 08:46:00,0.2119,0.2119,0.2119,0.2119,119.0,1,0.2119
2023-05-14 08:47:00,0.212,0.212,0.212,0.212,50.0,1,0.212
2023-05-14 08:48:00,0.2119,0.2119,0.2119,0.2119,2173.0,1,0.2119
2023-05-14 08:49:00,0.2119,0.2119,0.2119,0.2119,240.0,2,0.2119
2023-05-14 08:50:00,0.2118,0.2118,0.2117,0.2117,906.0,3,0.21171324503311256
2023-05-14 08:51:00,,,,,0.0,0,
2023-05-14 08:52:00,0.2117,0.2117,0.2117,0.2117,240.0,2,0.2117
2023-05-14 08:53:00,0.2119,0.2119,0.2119,0.2119,538.0,4,0.2119
2023-05-14 08:54:00,,,,,0.0,0,
2023-05-14 08:55:00,0.212,0.212,0.2119,0.2119,487.0,3,0.2119753593429158
2023-05-14 08:56:00,0.2119,0.2119,0.2118,0.2118,499.0,4,0.21187615230460924
2023-05-14 08:57:00,0.2118,0.2118,0.2118,0.2118,120.0,1,0.21180000000000002
2023-05-14 08:58:00,,,,,0.0,0,
2023-05-14 08:59:00,,,,,0.0,0,
2023-05-14 09:00:00,0.2119,0.212,0.2119,0.212,2412.0,3,0.21190497512437811
2023-05-14 09:01:00,0.2121,0.2121,0.2121,0.2121,162.0,2,0.21209999999999998
2023-05-14 09:02:00,0.2121,0.2122,0.2121,0.2122,645.0,2,0.21210759689922482
2023-05-14 09:03:00,0.2121,0.2121,0.2121,0.2121,2196.0,1,0.21209999999999998
2023-05-14 09:04:00,0.2121,0.2121,0.2121,0.2121,182.0,2,0.2121
2023-05-14 09:05:00,,,,,0.0,0,
2023-05-14 09:06:00,,,,,0.0,0,
2023-05-14 09:07:00,0.2122,0.2122,0.2122,0.2122,239.0,2,0.2122
2023-05-14 09:08:00,0.2123,0.2123,0.2123,0.2123,1522.0,5,0.21230000000000002
2023-05-14 09:09:00,0.2122,0.2122,0.2122,0.2122,263.0,2,0.2122
2023-05-14 09:10:00,,,,,0.0,0,
2023-05-14 09:11:00,,,,,0.0,0,
2023-05-14 09:12:00,0.2122,0.2122,0.2122,0.2122,4517.0,6,0.2122
2023-05-14 09:13:00,,,,,0.0,0,
2023-05-14 09:14:00,0.2121,0.2121,0.2121,0.2121,48.0,1,0.21209999999999998
2023-05-14 09:15:00,,,,,0.0,0,
2023-05-14 09:16:00,,,,,0.0,0,
2023-05-14 09:17:00,,,,,0.0,0,
2023-05-14 09:18:00,0.2119,0.2119,0.2117,0.2118,973.0,10,0.21180781089414183
2023-05-14 09:19:00,0.2119,0.2119,0.2119,0.2119,1000.0,2,0.2119
2023-05-14 09:20:00,,,,,0.0,0,
2023-05-14 09:21:00,,,,,0.0,0,
2023-05-14 09:22:00,0.2117,0.2117,0.2117,0.2117,120.0,1,0.2117
2023-05-14 09:23:00,0.2117,0.2117,0.2116,0.2116,357.0,4,0.21163333333333334
2023-05-14 09:24:00,0.2117,0.2117,0.2116,0.2117,1258.0,6,0.2116220985691574
2023-05-14 09:25:00,0.2117,0.2117,0.2116,0.2116,333.0,3,0.21166426426426427
2023-05-14 09:26:00,0.2116,0.2116,0.2116,0.2116,2196.0,2,0.2116
2023-05-14 09:27:00,0.2116,0.2116,0.2116,0.2116,120.0,1,0.21159999999999998
2023-05-14 09:28:00,0.2116,0.2116,0.2116,0.2116,1942.0,5,0.2116
2023-05-14 09:29:00,0.2116,0.2116,0.2116,0.2116,94.0,1,0.21159999999999998
2023-05-14 09:30:00,0.2115,0.2115,0.2115,0.2115,7765.0,2,0.21150000000000002
2023-05-14 09:31:00,0.2116,0.2116,0.2115,0.2115,7980.0,5,0.21150117794486215
2023-05-14 09:32:00,0.2117,0.2117,0.2117,0.2117,67.0,1,0.2117
2023-05-14 09:33:00,0.2117,0.2118,0.2117,0.2118,1500.0,5,0.21170466666666665
2023-05-14 09:34:00,0.2118,0.2118,0.2118,0.2118,93.0,2,0.21180000000000002
2023-05-14 09:35:00,,,,,0.0,0,
2023-05-14 09:36:00,0.2119,0.212,0.2119,0.212,297.0,3,0.21195622895622895
2023-05-14 09:37:00,0.2121,0.2121,0.2121,0.2121,223.0,3,0.21209999999999998
2023-05-14 09:38:00,0.212,0.2121,0.212,0.2121,1887.0,5,0.21207514573396927
2023-05-14 09:39:00,,,,,0.0,0,
2023-05-14 09:40:00,,,,,0.0,0,
2023-05-14 09:41:00,0.2121,0.2121,0.2121,0.2121,119.0,1,0.21209999999999998
2023-05-14 09:42:00,,,,,0.0,0,
2023-05-14 09:43:00,,,,,0.0,0,
2023-05-14 09:44:00,0.2121,0.2121,0.2121,0.2121,591.0,2,0.2121
2023-05-14 09:45:00,,,,,0.0,0,
2023-05-14 09:46:00,0.2121,0.2121,0.2121,0.2121,94.0,1,0.2121
2023-05-14 09:47:00,,,,,0.0,0,
2023-05-14 09:48:00,0.2121,0.2121,0.2121,0.2121,971.0,2,0.21209999999999998
2023-05-14 09:49:00,,,,,0.0,0,
2023-05-14 09:50:00,0.212,0.212,0.212,0.212,119.0,1,0.21200000000000002
2023-05-14 09:51:00,0.2119,0.2119,0.2119,0.2119,336.0,2,0.21190000000000003
2023-05-14 09:52:00,,,,,0.0,0,
2023-05-14 09:53:00,0.2119,0.212,0.2119,0.212,248.0,4,0.21195201612903228
2023-05-14 09:54:00,,,,,0.0,0,
2023-05-14 09:55:00,,,,,0.0,0,
2023-05-14 09:56:00,0.2121,0.2121,0.212,0.212,240.0,2,0.21205000000000002
2023-05-14 09:57:00,0.2119,0.2119,0.2119,0.2119,119.0,1,0.2119
2023-05-14 09:58:00,,,,,0.0,0,
2023-05-14 09:59:00,,,,,0.0,0,
2023-05-14 10:00:00,,,,,0.0,0,
2023-05-14 10:01:00,0.212,0.212,0.212,0.212,95.0,1,0.212
2023-05-14 10:02:00,,,,,0.0,0,
2023-05-14 10:03:00,0.2119,0.2119,0.2118,0.2118,249.0,4,0.21184819277108433
2023-05-14 10:04:00,0.2119,0.2119,0.2119,0.2119,100.0,1,0.2119
2023-05-14 10:05:00,0.2119,0.2119,0.2117,0.2117,2164.0,4,0.21173045286506467
2023-05-14 10:06:00,0.2117,0.2117,0.2117,0.2117,1567.0,2,0.2117
2023-05-14 10:07:00,,,,,0.0,0,
2023-05-14 10:08:00,,,,,0.0,0,
2023-05-14 10:09:00,0.2117,0.2117,0.2117,0.2117,555.0,2,0.2117
2023-05-14 10:10:00,,,,,0.0,0,
2023-05-14 10:11:00,,,,,0.0,0,
2023-05-14 10:12:00,,,,,0.0,0,
2023-05-14 10:13:00,,,,,0.0,0,
2023-05-14 10:14:00,,,,,0.0,0,
2023-05-14 10:15:00,,,,,0.0,0,
2023-05-14 10:16:00,,,,,0.0,0,
2023-05-14 10:17:00,,,,,0.0,0,
2023-05-14 10:18:00,0.2117,0.2117,0.2117,0.2117,59.0,1,0.2117
2023-05-14 10:19:00,,,,,0.0,0,
2023-05-14 10:20:00,,,,,0.0,0,
2023-05-14 10:21:00,0.2118,0.2118,0.2118,0.2118,774.0,2,0.2118
2023-05-14 10:22:00,0.2117,0.2117,0.2116,0.2116,2545.0,5,0.2116066797642436
2023-05-14 10:23:00,,,,,0.0,0,
2023-05-14 10:24:00,,,,,0.0,0,
2023-05-14 10:25:00,,,,,0.0,0,
2023-05-14 10:26:00,,,,,0.0,0,
2023-05-14 10:27:00,,,,,0.0,0,
2023-05-14 10:28:00,,,,,0.0,0,
2023-05-14 10:29:00,,,,,0.0,0,
2023-05-14 10:30:00,0.2117,0.2117,0.2117,0.2117,120.0,1,0.2117
2023-05-14 10:31:00,0.2118,0.2118,0.2118,0.2118,5153.0,4,0.21180000000000002
2023-05-14 10:32:00,0.2119,0.2119,0.2119,0.2119,536.0,3,0.21190000000000003
2023-05-14 10:33:00,0.212,0.212,0.212,0.212,70.0,1,0.212
2023-05-14 10:34:00,0.212,0.212,0.212,0.212,47.0,2,0.21199999999999997
2023-05-14 10:35:00,,,,,0.0,0,
2023-05-14 10:36:00,,,,,0.0,0,
2023-05-14 10:37:00,,,,,0.0,0,
2023-05-14 10:38:00,,,,,0.0,0,
2023-05-14 10:39:00,,,,,0.0,0,
2023-05-14 10:40:00,,,,,0.0,0,
2023-05-14 10:41:00,,,,,0.0,0,
2023-05-14 10:42:00,,,,,0.0,0,
2023-05-14 10:43:00,,,,,0.0,0,
2023-05-14 10:44:00,,,,,0.0,0,
2023-05-14 10:45:00,0.2117,0.2117,0.2117,0.2117,2016.0,4,0.2117
2023-05-14 10:46:00,,,,,0.0,0,
2023-05-14 10:47:00,0.2117,0.2118,0.2117,0.2118,1395.0,4,0.21179139784946233
2023-05-14 10:48:00,0.2118,0.2118,0.2118,0.2118,4217.0,2,0.21180000000000002
2023-05-14 10:49:00,0.2119,0.2123,0.2119,0.2122,2985.0,18,0.21208850921273031
2023-05-14 10:50:00,0.2122,0.2122,0.2121,0.2121,405.0,4,0.2121293827160494
2023-05-14 10:51:00,0.2122,0.2123,0.2122,0.2123,1438.0,5,0.21228442280945756
2023-05-14 10:52:00,,,,,0.0,0,
2023-05-14 10:53:00,0.2122,0.2123,0.2122,0.2123,600.0,3,0.21226416666666664
2023-05-14 10:54:00,0.2122,0.2122,0.2121,0.2122,420.0,4,0.21217142857142857
2023-05-14 10:55:00,,,,,0.0,0,
2023-05-14 10:56:00,,,,,0.0,0,
2023-05-14 10:57:00,0.212,0.212,0.2117,0.2118,2079.0,9,0.21187229437229435
2023-05-14 10:58:00,0.2118,0.2118,0.2118,0.2118,119.0,1,0.2118
2023-05-14 10:59:00,0.2118,0.2118,0.2118,0.2118,120.0,2,0.21180000000000002
2023-05-14 11:00:00,,,,,0.0,0,
2023-05-14 11:01:00,0.212,0.212,0.2119,0.2119,386.0,4,0.21193082901554405
2023-05-14 11:02:00,,,,,0.0,0,
2023-05-14 11:03:00,,,,,0.0,0,
2023-05-14 11:04:00,0.2121,0.2121,0.2121,0.2121,421.0,2,0.2121
2023-05-14 11:05:00,0.2122,0.2123,0.2122,0.2123,542.0,5,0.21222619926199263
2023-05-14 11:06:00,0.2122,0.2122,0.2122,0.2122,1305.0,2,0.2122
2023-05-14 11:07:00,,,,,0.0,0,
2023-05-14 11:08:00,,,,,0.0,0,
2023-05-14 11:09:00,,,,,0.0,0,
2023-05-14 11:10:00,,,,,0.0,0,
2023-05-14 11:11:00,,,,,0.0,0,
2023-05-14 11:12:00,,,,,0.0,0,
2023-05-14 11:13:00,0.2121,0.2122,0.2121,0.2122,529.0,5,0.2121396975425331
2023-05-14 11:14:00,0.212,0.212,0.2119,0.2119,294.0,2,0.21194081632653064
2023-05-14 11:15:00,0.212,0.212,0.212,0.212,120.0,1,0.21200000000000002
2023-05-14 11:16:00,0.2122,0.2122,0.2122,0.2122,1050.0,4,0.2122
2023-05-14 11:17:00,0.2121,0.2121,0.212,0.212,12327.0,17,0.21206752656769692
2023-05-14 11:18:00,,,,,0.0,0,
2023-05-14 11:19:00,,,,,0.0,0,
2023-05-14 11:20:00,0.212,0.212,0.2119,0.2119,1072.0,2,0.21198880597014927
2023-05-14 11:21:00,0.2118,0.2119,0.2118,0.2119,686.0,3,0.21188629737609327
2023-05-14 11:22:00,0.212,0.2123,0.212,0.2123,3235.0,22,0.21213527047913447
2023-05-14 11:23:00,0.2123,0.2123,0.2123,0.2123,117.0,1,0.2123
2023-05-14 11:24:00,,,,,0.0,0,
2023-05-14 11:25:00,,,,,0.0,0,
2023-05-14 11:26:00,,,,,0.0,0,
2023-05-14 11:27:00,,,,,0.0,0,
2023-05-14 11:28:00,,,,,0.0,0,
2023-05-14 11:29:00,,,,,0.0,0,
2023-05-14 11:30:00,,,,,0.0,0,
2023-05-14 11:31:00,0.2123,0.2123,0.2123,0.2123,119.0,1,0.2123
2023-05-14 11:32:00,0.2125,0.2127,0.2125,0.2125,4836.0,23,0.2125629239040529
2023-05-14 11:33:00,,,,,0.0,0,
2023-05-14 11:34:00,,,,,0.0,0,
2023-05-14 11:35:00,,,,,0.0,0,
2023-05-14 11:36:00,,,,,0.0,0,
2023-05-14 11:37:00,0.2125,0.2126,0.2125,0.2126,5102.0,7,0.21250235201881618
2023-05-14 11:38:00,0.2125,0.2125,0.2124,0.2125,898.0,15,0.21242661469933183
2023-05-14 11:39:00,,,,,0.0,0,
2023-05-14 11:40:00,0.2123,0.2123,0.2122,0.2122,240.0,2,0.21225
2023-05-14 11:41:00,0.2122,0.2123,0.2122,0.2123,3171.0,4,0.21229621570482496
2023-05-14 11:42:00,0.2123,0.2123,0.2122,0.2122,589.0,4,0.21222020373514433
2023-05-14 11:43:00,,,,,0.0,0,
2023-05-14 11:44:00,,,,,0.0,0,
2023-05-14 11:45:00,,,,,0.0,0,
2023-05-14 11:46:00,0.2121,0.2122,0.2119,0.2122,1257.0,6,0.2120769291964996
2023-05-14 11:47:00,0.2121,0.2121,0.212,0.212,288.0,3,0.21204131944444446
2023-05-14 11:48:00,0.2121,0.2121,0.212,0.212,588.0,6,0.2120202380952381
2023-05-14 11:49:00,0.2121,0.2121,0.2121,0.2121,99.0,1,0.2121
2023-05-14 11:50:00,,,,,0.0,0,
2023-05-14 11:51:00,0.2122,0.2122,0.2122,0.2122,120.0,1,0.2122
2023-05-14 11:52:00,0.2122,0.2122,0.2121,0.2121,2787.0,4,0.21210182992465015
2023-05-14 11:53:00,,,,,0.0,0,
2023-05-14 11:54:00,,,,,0.0,0,
2023-05-14 11:55:00,,,,,0.0,0,
2023-05-14 11:56:00,,,,,0.0,0,
2023-05-14 11:57:00,0.2122,0.2122,0.2122,0.2122,1003.0,3,0.2122
2023-05-14 11:58:00,0.2122,0.2122,0.2122,0.2122,500.0,1,0.2122
2023-05-14 11:59:00,0.2122,0.2122,0.2122,0.2122,400.0,1,0.2122
2023-05-14 12:00:00,0.2122,0.2123,0.2122,0.2123,2234.0,4,0.21229538943598925
2023-05-14 12:01:00,0.2122,0.2122,0.212,0.212,2413.0,4,0.212093535018649
2023-05-14 12:02:00,0.212,0.212,0.2119,0.2119,6036.0,7,0.21192215043074883
2023-05-14 12:03:00,,,,,0.0,0,
2023-05-14 12:04:00,0.2118,0.2118,0.2118,0.2118,120.0,1,0.21180000000000002
2023-05-14 12:05:00,0.2118,0.2119,0.2118,0.2119,1141.0,3,0.2118894829097283
2023-05-14 12:06:00,0.2117,0.2117,0.2117,0.2117,120.0,1,0.2117
2023-05-14 12:07:00,0.2118,0.2119,0.2118,0.2119,190.0,2,0.21183684210526316
2023-05-14 12:08:00,,,,,0.0,0,
2023-05-14 12:09:00,,,,,0.0,0,
2023-05-14 12:10:00,,,,,0.0,0,
2023-05-14 12:11:00,0.2118,0.2119,0.2118,0.2119,6241.0,12,0.21180756289056243
2023-05-14 12:12:00,,,,,0.0,0,
2023-05-14 12:13:00,,,,,0.0,0,
2023-05-14 12:14:00,,,,,0.0,0,
2023-05-14 12:15:00,0.2119,0.2119,0.2118,0.2118,1281.0,3,0.21186167056986732
2023-05-14 12:16:00,0.2117,0.2117,0.2116,0.2116,120.0,2,0.21169916666666666
2023-05-14 12:17:00,0.2116,0.2116,0.2116,0.2116,1000.0,5,0.2116
2023-05-14 12:18:00,,,,,0.0,0,
2023-05-14 12:19:00,0.2116,0.2116,0.2116,0.2116,261.0,1,0.2116
2023-05-14 12:20:00,,,,,0.0,0,
2023-05-14 12:21:00,0.2115,0.2115,0.2115,0.2115,255.0,1,0.2115
2023-05-14 12:22:00,0.2116,0.2116,0.2116,0.2116,120.0,1,0.21159999999999998
2023-05-14 12:23:00,,,,,0.0,0,
2023-05-14 12:24:00,0.2116,0.2116,0.2115,0.2115,7575.0,4,0.21150157095709574
2023-05-14 12:25:00,0.2115,0.2115,0.2115,0.2115,120.0,1,0.2115
2023-05-14 12:26:00,0.2115,0.2115,0.2115,0.2115,119.0,1,0.21150000000000002
2023-05-14 12:27:00,0.2114,0.2114,0.2113,0.2113,214.0,2,0.21134392523364487
2023-05-14 12:28:00,0.2113,0.2113,0.2113,0.2113,119.0,1,0.21130000000000002
2023-05-14 12:29:00,,,,,0.0,0,
2023-05-14 12:30:00,0.2113,0.2115,0.2113,0.2114,6795.0,14,0.2113992641648271
2023-05-14 12:31:00,0.2115,0.2115,0.2115,0.2115,10949.0,17,0.2115
2023-05-14 12:32:00,,,,,0.0,0,
2023-05-14 12:33:00,,,,,0.0,0,
2023-05-14 12:34:00,0.2114,0.2114,0.2114,0.2114,1042.0,2,0.21139999999999998
2023-05-14 12:35:00,0.2114,0.2114,0.2114,0.2114,120.0,1,0.21139999999999998
2023-05-14 12:36:00,,,,,0.0,0,
2023-05-14 12:37:00,0.2114,0.2114,0.2114,0.2114,190.0,2,0.21139999999999998
2023-05-14 12:38:00,0.2116,0.2116,0.2116,0.2116,120.0,1,0.21159999999999998
2023-05-14 12:39:00,0.2116,0.2116,0.2116,0.2116,220.0,1,0.2116
2023-05-14 12:40:00,0.2118,0.212,0.2118,0.212,2743.0,10,0.2119245716368939
2023-05-14 12:41:00,,,,,0.0,0,
2023-05-14 12:42:00,0.212,0.2124,0.212,0.2124,13341.0,24,0.21220811033655648
2023-05-14 12:43:00,0.2123,0.2123,0.2123,0.2123,980.0,2,0.2123
2023-05-14 12:44:00,0.2123,0.2125,0.2123,0.2124,4130.0,13,0.2123758837772397
2023-05-14 12:45:00,,,,,0.0,0,
2023-05-14 12:46:00,,,,,0.0,0,
2023-05-14 12:47:00,,,,,0.0,0,
2023-05-14 12:48:00,0.2125,0.2125,0.2125,0.2125,478.0,4,0.2125
2023-05-14 12:49:00,,,,,0.0,0,
2023-05-14 12:50:00,0.2126,0.2128,0.2126,0.2126,2996.0,9,0.21272493324432576
2023-05-14 12:51:00,0.2126,0.2128,0.2126,0.2126,769.0,6,0.21268374512353705
2023-05-14 12:52:00,,,,,0.0,0,
2023-05-14 12:53:00,0.2124,0.2126,0.2124,0.2126,578.0,8,0.2125
2023-05-14 12:54:00,0.2125,0.2126,0.2125,0.2126,417.0,3,0.21257122302158274
2023-05-14 12:55:00,0.2126,0.2126,0.2126,0.2126,52.0,1,0.21259999999999998
2023-05-14 12:56:00,0.2125,0.2125,0.2125,0.2125,120.0,1,0.2125
2023-05-14 12:57:00,0.2125,0.2131,0.2125,0.2131,2389.0,8,0.21301724570950187
2023-05-14 12:58:00,0.2131,0.2132,0.213,0.213,20640.0,18,0.2131631976744186
2023-05-14 12:59:00,,,,,0.0,0,
2023-05-14 13:00:00,0.2133,0.2133,0.2126,0.2127,33165.0,67,0.21299181064375095
2023-05-14 13:01:00,0.2127,0.2128,0.2125,0.2126,3025.0,12,0.21270314049586778
2023-05-14 13:02:00,,,,,0.0,0,
2023-05-14 13:03:00,0.2126,0.2126,0.2125,0.2126,2696.0,6,0.2125088649851632
2023-05-14 13:04:00,0.2125,0.2125,0.2125,0.2125,239.0,3,0.2125
2023-05-14 13:05:00,0.2127,0.2127,0.2127,0.2127,120.0,1,0.2127
2023-05-14 13:06:00,,,,,0.0,0,
2023-05-14 13:07:00,0.2125,0.2126,0.2125,0.2126,288.0,3,0.21256527777777778
2023-05-14 13:08:00,0.2126,0.2126,0.2126,0.2126,94.0,1,0.2126
2023-05-14 13:09:00,0.2127,0.2127,0.2127,0.2127,94.0,1,0.2127
2023-05-14 13:10:00,0.2126,0.2126,0.2125,0.2125,173.0,3,0.21256936416184974
2023-05-14 13:11:00,0.2125,0.2125,0.2123,0.2123,1814.0,7,0.21238318632855568
2023-05-14 13:12:00,,,,,0.0,0,
2023-05-14 13:13:00,0.2124,0.2124,0.2124,0.2124,3024.0,6,0.2124
2023-05-14 13:14:00,0.2123,0.2123,0.2123,0.2123,100.0,1,0.21230000000000002
2023-05-14 13:15:00,0.2124,0.2124,0.2124,0.2124,289.0,3,0.2124
2023-05-14 13:16:00,,,,,0.0,0,
2023-05-14 13:17:00,0.2124,0.2124,0.2124,0.2124,571.0,4,0.2124
2023-05-14 13:18:00,0.2123,0.2124,0.2123,0.2124,162.0,3,0.21231111111111114
2023-05-14 13:19:00,0.2124,0.2124,0.2124,0.2124,150.0,2,0.2124
2023-05-14 13:20:00,0.2123,0.2123,0.2121,0.2121,1303.0,4,0.2122412125863392
2023-05-14 13:21:00,0.2122,0.2122,0.2122,0.2122,200.0,1,0.2122
2023-05-14 13:22:00,0.2122,0.2122,0.2122,0.2122,220.0,2,0.2122
2023-05-14 13:23:00,0.2123,0.2123,0.2122,0.2122,721.0,3,0.21221553398058252
2023-05-14 13:24:00,0.212,0.2121,0.212,0.2121,333.0,3,0.21207177177177178
2023-05-14 13:25:00,0.212,0.2121,0.212,0.2121,1238.0,3,0.21209038772213248
2023-05-14 13:26:00,0.2121,0.2121,0.2121,0.2121,62.0,1,0.2121
2023-05-14 13:27:00,0.2122,0.2122,0.2122,0.2122,1000.0,2,0.2122
2023-05-14 13:28:00,0.2123,0.2126,0.2123,0.2126,2626.0,8,0.21249752475247521
2023-05-14 13:29:00,0.2125,0.2125,0.2125,0.2125,860.0,2,0.2125
2023-05-14 13:30:00,0.2124,0.2124,0.2123,0.2123,535.0,4,0.21232317757009345
2023-05-14 13:31:00,0.2123,0.2123,0.2121,0.2121,200.0,4,0.21220950000000002
2023-05-14 13:32:00,,,,,0.0,0,
2023-05-14 13:33:00,,,,,0.0,0,
2023-05-14 13:34:00,,,,,0.0,0,
2023-05-14 13:35:00,0.2123,0.2123,0.2123,0.2123,94.0,1,0.2123
2023-05-14 13:36:00,0.2122,0.2122,0.2122,0.2122,808.0,1,0.21220000000000003
2023-05-14 13:37:00,,,,,0.0,0,
2023-05-14 13:38:00,0.2122,0.2122,0.2122,0.2122,120.0,1,0.2122
2023-05-14 13:39:00,0.2122,0.2122,0.2122,0.2122,94.0,1,0.2122
2023-05-14 13:40:00,0.2123,0.2123,0.2123,0.2123,145.0,2,0.2123
2023-05-14 13:41:00,0.2123,0.2123,0.2123,0.2123,979.0,2,0.21230000000000002
2023-05-14 13:42:00,0.2124,0.2124,0.2124,0.2124,239.0,2,0.21239999999999998
2023-05-14 13:43:00,0.2125,0.2127,0.2125,0.2127,1588.0,4,0.21259886649874057
2023-05-14 13:44:00,0.2127,0.2127,0.2126,0.2126,903.0,6,0.21261040974529347
2023-05-14 13:45:00,0.2127,0.213,0.2127,0.213,9454.0,18,0.2128190289824413
2023-05-14 13:46:00,0.2128,0.2129,0.2128,0.2129,281.0,2,0.2128423487544484
2023-05-14 13:47:00,0.2129,0.213,0.2129,0.2129,5403.0,7,0.212968610031464
2023-05-14 13:48:00,0.2128,0.2128,0.2128,0.2128,1098.0,3,0.21280000000000002
2023-05-14 13:49:00,0.2128,0.2128,0.2128,0.2128,933.0,2,0.21280000000000002
2023-05-14 13:50:00,0.2129,0.213,0.2129,0.2129,1117.0,5,0.2129363473589973
2023-05-14 13:51:00,0.2129,0.2129,0.2129,0.2129,860.0,1,0.2129
2023-05-14 13:52:00,0.2129,0.2129,0.2129,0.2129,119.0,1,0.2129
2023-05-14 13:53:00,0.2128,0.2128,0.2128,0.2128,238.0,2,0.2128
2023-05-14 13:54:00,0.2129,0.213,0.2129,0.2129,1507.0,6,0.21291307232913073
2023-05-14 13:55:00,0.2129,0.2129,0.2129,0.2129,118.0,1,0.2129
2023-05-14 13:56:00,0.213,0.213,0.2129,0.2129,1094.0,5,0.21292650822669104
2023-05-14 13:57:00,0.2131,0.2133,0.2131,0.2133,1112.0,4,0.21327374100719423
2023-05-14 13:58:00,,,,,0.0,0,
2023-05-14 13:59:00,0.2132,0.2135,0.2132,0.2132,3699.0,27,0.21339161935658285
2023-05-14 14:00:00,0.2132,0.2135,0.2132,0.2134,531.0,5,0.2133783427495292
2023-05-14 14:01:00,,,,,0.0,0,
2023-05-14 14:02:00,0.2132,0.2132,0.2132,0.2132,87.0,1,0.2132
2023-05-14 14:03:00,,,,,0.0,0,
2023-05-14 14:04:00,0.2131,0.2131,0.213,0.213,570.0,4,0.21307912280701752
2023-05-14 14:05:00,0.2131,0.2131,0.213,0.213,1333.0,5,0.21307501875468868
2023-05-14 14:06:00,0.213,0.213,0.2129,0.2129,454.0,2,0.21292599118942732
2023-05-14 14:07:00,0.213,0.213,0.213,0.213,118.0,1,0.213
2023-05-14 14:08:00,0.2129,0.2132,0.2129,0.2132,633.0,4,0.21306745655608217
2023-05-14 14:09:00,,,,,0.0,0,
2023-05-14 14:10:00,0.2131,0.2131,0.2131,0.2131,810.0,6,0.2131
2023-05-14 14:11:00,0.2131,0.2131,0.2131,0.2131,1090.0,2,0.21309999999999998
2023-05-14 14:12:00,0.2131,0.2131,0.213,0.2131,2606.0,13,0.21304447429009976
2023-05-14 14:13:00,0.213,0.213,0.213,0.213,72.0,1,0.213
2023-05-14 14:14:00,0.2129,0.2129,0.2129,0.2129,237.0,3,0.2129
2023-05-14 14:15:00,0.213,0.213,0.213,0.213,119.0,1,0.21300000000000002
2023-05-14 14:16:00,,,,,0.0,0,
2023-05-14 14:17:00,0.2132,0.2132,0.2132,0.2132,306.0,2,0.2132
2023-05-14 14:18:00,,,,,0.0,0,
2023-05-14 14:19:00,,,,,0.0,0,
2023-05-14 14:20:00,0.213,0.213,0.2129,0.2129,673.0,4,0.21292808320950965
2023-05-14 14:21:00,0.2129,0.2129,0.2128,0.2129,239.0,3,0.2128991631799163
2023-05-14 14:22:00,0.213,0.2131,0.2129,0.2131,957.0,6,0.21294221525600834
2023-05-14 14:23:00,0.213,0.213,0.213,0.213,119.0,1,0.21300000000000002
2023-05-14 14:24:00,0.213,0.213,0.213,0.213,118.0,1,0.213
2023-05-14 14:25:00,0.2129,0.2131,0.2129,0.2131,154.0,2,0.21299220779220782
2023-05-14 14:26:00,0.2129,0.2129,0.2129,0.2129,439.0,2,0.2129
2023-05-14 14:27:00,0.213,0.213,0.213,0.213,119.0,1,0.21300000000000002
2023-05-14 14:28:00,0.2132,0.2132,0.2132,0.2132,860.0,1,0.2132
2023-05-14 14:29:00,0.213,0.213,0.213,0.213,439.0,1,0.21300000000000002
2023-05-14 14:30:00,,,,,0.0,0,
2023-05-14 14:31:00,,,,,0.0,0,
2023-05-14 14:32:00,,,,,0.0,0,
2023-05-14 14:33:00,,,,,0.0,0,
2023-05-14 14:34:00,,,,,0.0,0,
2023-05-14 14:35:00,0.2132,0.2135,0.2132,0.2135,1007.0,6,0.21335888778550147
2023-05-14 14:36:00,0.2134,0.2134,0.2134,0.2134,6364.0,8,0.2134
2023-05-14 14:37:00,0.2133,0.2133,0.2133,0.2133,118.0,1,0.2133
2023-05-14 14:38:00,0.2131,0.2131,0.213,0.213,830.0,2,0.21308566265060244
2023-05-14 14:39:00,0.213,0.213,0.213,0.213,555.0,2,0.213
2023-05-14 14:40:00,0.2132,0.2135,0.2132,0.2135,1412.0,6,0.21331713881019831
2023-05-14 14:41:00,,,,,0.0,0,
2023-05-14 14:42:00,,,,,0.0,0,
2023-05-14 14:43:00,0.2136,0.2138,0.2136,0.2138,1514.0,5,0.21371169088507266
2023-05-14 14:44:00,0.2137,0.2138,0.2137,0.2138,330.0,3,0.2137212121212121
2023-05-14 14:45:00,0.2135,0.2135,0.2132,0.2132,2587.0,11,0.21337665249323542
2023-05-14 14:46:00,0.2133,0.2134,0.2132,0.2132,652.0,8,0.2133001533742331
2023-05-14 14:47:00,0.2132,0.2133,0.2132,0.2133,6834.0,4,0.21329825870646765
2023-05-14 14:48:00,,,,,0.0,0,
2023-05-14 14:49:00,,,,,0.0,0,
2023-05-14 14:50:00,0.2134,0.2134,0.2134,0.2134,1422.0,1,0.21339999999999998
2023-05-14 14:51:00,0.2134,0.2134,0.2134,0.2134,94.0,1,0.2134
2023-05-14 14:52:00,,,,,0.0,0,
2023-05-14 14:53:00,0.2136,0.2137,0.2136,0.2137,1175.0,4,0.21364740425531917
2023-05-14 14:54:00,0.2138,0.2139,0.2137,0.2137,490.0,7,0.21379102040816325
2023-05-14 14:55:00,0.2139,0.214,0.2137,0.2137,2542.0,16,0.21389464988198267
2023-05-14 14:56:00,0.2138,0.214,0.2138,0.2138,474.0,4,0.21387468354430378
2023-05-14 14:57:00,0.2138,0.2138,0.2138,0.2138,237.0,2,0.2138
2023-05-14 14:58:00,0.2138,0.2139,0.2138,0.2139,3957.0,6,0.21381817033105888
2023-05-14 14:59:00,0.2138,0.2138,0.2138,0.2138,237.0,2,0.2138
2023-05-14 15:00:00,0.2137,0.2137,0.2137,0.2137,118.0,2,0.2137
2023-05-14 15:01:00,0.2139,0.2139,0.2139,0.2139,95.0,1,0.21389999999999998
2023-05-14 15:02:00,0.214,0.214,0.214,0.214,48.0,1,0.214
2023-05-14 15:03:00,0.2139,0.2139,0.2139,0.2139,237.0,3,0.2139
2023-05-14 15:04:00,0.2137,0.2137,0.2136,0.2136,2260.0,7,0.21364889380530974
2023-05-14 15:05:00,0.2137,0.2138,0.2137,0.2138,355.0,4,0.21373323943661976
2023-05-14 15:06:00,0.2141,0.215,0.2141,0.2144,29839.0,151,0.21458685612788633
2023-05-14 15:07:00,0.2144,0.2147,0.2143,0.2144,3956.0,25,0.21451562184024267
2023-05-14 15:08:00,0.2145,0.2145,0.2143,0.2143,800.0,7,0.214414875
2023-05-14 15:09:00,0.2144,0.2145,0.2144,0.2144,2990.0,9,0.21440183946488295
2023-05-14 15:10:00,,,,,0.0,0,
2023-05-14 15:11:00,0.2144,0.2144,0.2142,0.2143,2731.0,10,0.21430113511534235
2023-05-14 15:12:00,0.2144,0.2144,0.2144,0.2144,118.0,1,0.21439999999999998
2023-05-14 15:13:00,,,,,0.0,0,
2023-05-14 15:14:00,0.2143,0.2143,0.2141,0.2141,15152.0,31,0.21413526927138332
2023-05-14 15:15:00,0.2142,0.2143,0.2142,0.2143,460.0,4,0.21422565217391307
2023-05-14 15:16:00,0.2145,0.2147,0.2145,0.2145,1283.0,11,0.2145607170693687
2023-05-14 15:17:00,0.2144,0.2146,0.2144,0.2144,2332.0,8,0.2144795025728988
2023-05-14 15:18:00,0.2145,0.2145,0.2145,0.2145,1023.0,4,0.2145
2023-05-14 15:19:00,0.2145,0.2145,0.2144,0.2144,122.0,2,0.21449754098360657
2023-05-14 15:20:00,,,,,0.0,0,
2023-05-14 15:21:00,0.2145,0.2145,0.2144,0.2144,861.0,3,0.2144137049941928
2023-05-14 15:22:00,0.2143,0.2143,0.214,0.214,2311.0,6,0.21428377325832973
2023-05-14 15:23:00,0.2142,0.2143,0.2142,0.2143,1499.0,3,0.21420460306871247
2023-05-14 15:24:00,0.2143,0.2143,0.2142,0.2142,1159.0,3,0.21428981880931838
2023-05-14 15:25:00,0.2143,0.2144,0.2143,0.2144,1204.0,4,0.21430988372093027
2023-05-14 15:26:00,0.2144,0.2144,0.2141,0.2142,18684.0,25,0.21422693213444657
2023-05-14 15:27:00,0.2142,0.2143,0.2142,0.2142,317.0,4,0.21422176656151418
2023-05-14 15:28:00,,,,,0.0,0,
2023-05-14 15:29:00,0.2143,0.2145,0.2143,0.2145,4796.0,7,0.21441530442035026
2023-05-14 15:30:00,0.2144,0.2144,0.2143,0.2143,1462.0,4,0.21439589603283174
2023-05-14 15:31:00,0.2143,0.2143,0.2143,0.2143,177.0,3,0.2143
2023-05-14 15:32:00,0.2142,0.2142,0.214,0.214,237.0,2,0.21409957805907176
2023-05-14 15:33:00,,,,,0.0,0,
2023-05-14 15:34:00,,,,,0.0,0,
2023-05-14 15:35:00,0.214,0.2141,0.214,0.214,5830.0,10,0.21401132075471696
2023-05-14 15:36:00,,,,,0.0,0,
2023-05-14 15:37:00,0.2139,0.214,0.2139,0.214,237.0,2,0.21394978902953588
2023-05-14 15:38:00,0.2142,0.2143,0.2142,0.2143,1218.0,5,0.21429022988505747
2023-05-14 15:39:00,0.2143,0.2144,0.2143,0.2144,1919.0,4,0.214348983845753
2023-05-14 15:40:00,0.2144,0.2145,0.2144,0.2145,712.0,7,0.21441671348314603
2023-05-14 15:41:00,0.2146,0.2146,0.2146,0.2146,435.0,3,0.21459999999999999
2023-05-14 15:42:00,0.2145,0.2145,0.2145,0.2145,236.0,2,0.2145
2023-05-14 15:43:00,0.2145,0.2146,0.2145,0.2146,233.0,2,0.21454892703862663
2023-05-14 15:44:00,0.2146,0.2147,0.2146,0.2147,405.0,4,0.21465851851851853
2023-05-14 15:45:00,0.2146,0.2148,0.2146,0.2148,357.0,3,0.21469999999999997
2023-05-14 15:46:00,0.2148,0.2148,0.2148,0.2148,117.0,1,0.2148
2023-05-14 15:47:00,,,,,0.0,0,
2023-05-14 15:48:00,0.2149,0.2149,0.2149,0.2149,1360.0,2,0.2149
2023-05-14 15:49:00,0.2148,0.2148,0.2148,0.2148,92.0,1,0.21480000000000002
2023-05-14 15:50:00,,,,,0.0,0,
2023-05-14 15:51:00,0.2149,0.2149,0.2149,0.2149,618.0,2,0.2149
2023-05-14 15:52:00,0.215,0.2151,0.215,0.2151,1514.0,17,0.21502120211360634
2023-05-14 15:53:00,0.2149,0.215,0.2149,0.215,1327.0,5,0.21499412207987942
2023-05-14 15:54:00,0.2149,0.2149,0.2146,0.2147,3289.0,18,0.2147309516570386
2023-05-14 15:55:00,0.2147,0.2148,0.2147,0.2148,179.0,2,0.21476536312849162
2023-05-14 15:56:00,0.2149,0.2149,0.2149,0.2149,1805.0,3,0.2149
2023-05-14 15:57:00,0.2149,0.2149,0.2148,0.2148,1903.0,7,0.2148073042564372
2023-05-14 15:58:00,0.2148,0.2148,0.2148,0.2148,978.0,3,0.2148
2023-05-14 15:59:00,0.2148,0.2148,0.2148,0.2148,119.0,1,0.2148
2023-05-14 16:00:00,0.2149,0.2149,0.2149,0.2149,6871.0,6,0.2149
2023-05-14 16:01:00,0.2149,0.2151,0.2149,0.2151,5881.0,14,0.21504089440571333
2023-05-14 16:02:00,0.215,0.215,0.2149,0.2149,1633.0,2,0.2149575015309247
2023-05-14 16:03:00,0.2149,0.2149,0.2149,0.2149,553.0,2,0.21489999999999998
2023-05-14 16:04:00,0.2149,0.2149,0.2149,0.2149,4218.0,1,0.2149
2023-05-14 16:05:00,0.2148,0.2149,0.2148,0.2149,7126.0,18,0.2148176957619983
2023-05-14 16:06:00,0.2149,0.2151,0.2149,0.2151,18543.0,15,0.2149118319581513
2023-05-14 16:07:00,0.2151,0.2151,0.2151,0.2151,406.0,3,0.2151
2023-05-14 16:08:00,0.215,0.2151,0.215,0.2151,408.0,5,0.21504240196078434
2023-05-14 16:09:00,0.2151,0.2152,0.2151,0.2151,712.0,4,0.21515042134831458
2023-05-14 16:10:00,0.2151,0.2152,0.215,0.2152,8447.0,24,0.21509882798626734
2023-05-14 16:11:00,0.2151,0.2151,0.2147,0.215,6700.0,18,0.21482116417910446
2023-05-14 16:12:00,0.2148,0.215,0.2148,0.215,663.0,4,0.21493288084464554
2023-05-14 16:13:00,0.2149,0.2149,0.2147,0.2147,236.0,2,0.2148
2023-05-14 16:14:00,0.2146,0.2146,0.2143,0.2143,262.0,3,0.21449770992366413
2023-05-14 16:15:00,0.2142,0.2142,0.2142,0.2142,169.0,2,0.21419999999999997
2023-05-14 16:16:00,0.2142,0.2146,0.214,0.2145,29604.0,45,0.21442370963383328
2023-05-14 16:17:00,0.2144,0.2144,0.2143,0.2144,1917.0,9,0.21437589984350547
2023-05-14 16:18:00,0.2145,0.2145,0.2143,0.2143,283.0,3,0.2143833922261484
2023-05-14 16:19:00,0.2142,0.2143,0.2142,0.2143,390.0,2,0.21427051282051282
2023-05-14 16:20:00,,,,,0.0,0,
2023-05-14 16:21:00,0.2143,0.2144,0.2143,0.2144,373.0,6,0.21434959785522786
2023-05-14 16:22:00,0.2145,0.2146,0.2144,0.2144,874.0,6,0.21447585812356978
2023-05-14 16:23:00,0.2146,0.2146,0.2146,0.2146,141.0,2,0.2146
2023-05-14 16:24:00,0.2147,0.2148,0.2146,0.2148,2472.0,12,0.21468677184466017
2023-05-14 16:25:00,0.2147,0.2147,0.2147,0.2147,118.0,1,0.21469999999999997
2023-05-14 16:26:00,0.2146,0.2147,0.2146,0.2147,213.0,2,0.21464413145539907
2023-05-14 16:27:00,0.2146,0.2146,0.2145,0.2145,328.0,3,0.2145359756097561
2023-05-14 16:28:00,0.2145,0.2145,0.2145,0.2145,861.0,2,0.2145
2023-05-14 16:29:00,0.2146,0.2146,0.2146,0.2146,94.0,1,0.21459999999999999
2023-05-14 16:30:00,,,,,0.0,0,
2023-05-14 16:31:00,0.2147,0.2148,0.2146,0.2147,1372.0,8,0.21470852769679302
2023-05-14 16:32:00,,,,,0.0,0,
2023-05-14 16:33:00,0.2148,0.2148,0.2148,0.2148,119.0,1,0.2148
2023-05-14 16:34:00,0.2148,0.2148,0.2148,0.2148,94.0,1,0.2148
2023-05-14 16:35:00,0.2148,0.2149,0.2147,0.2147,532.0,4,0.21479511278195487
2023-05-14 16:36:00,0.2147,0.2147,0.2147,0.2147,299.0,3,0.2147
2023-05-14 16:37:00,0.2146,0.2146,0.2144,0.2145,1987.0,9,0.2145004529441369
2023-05-14 16:38:00,0.2145,0.2145,0.2145,0.2145,119.0,1,0.2145
2023-05-14 16:39:00,0.2144,0.2144,0.2144,0.2144,117.0,1,0.2144
2023-05-14 16:40:00,,,,,0.0,0,
2023-05-14 16:41:00,,,,,0.0,0,
2023-05-14 16:42:00,,,,,0.0,0,
2023-05-14 16:43:00,0.2147,0.2147,0.2147,0.2147,815.0,1,0.2147
2023-05-14 16:44:00,0.2148,0.2148,0.2148,0.2148,235.0,2,0.21479999999999996
2023-05-14 16:45:00,0.2147,0.2147,0.2147,0.2147,1910.0,4,0.2147
2023-05-14 16:46:00,0.2147,0.2147,0.2147,0.2147,447.0,4,0.2147
2023-05-14 16:47:00,,,,,0.0,0,
2023-05-14 16:48:00,,,,,0.0,0,
2023-05-14 16:49:00,,,,,0.0,0,
2023-05-14 16:50:00,0.2147,0.2147,0.2146,0.2146,346.0,3,0.21463381502890175
2023-05-14 16:51:00,,,,,0.0,0,
2023-05-14 16:52:00,0.2145,0.2145,0.2144,0.2144,1246.0,5,0.2144809791332263
2023-05-14 16:53:00,0.2144,0.2144,0.2141,0.2141,714.0,5,0.21428263305322132
2023-05-14 16:54:00,0.214,0.2141,0.214,0.2141,876.0,2,0.21401358447488583
2023-05-14 16:55:00,,,,,0.0,0,
2023-05-14 16:56:00,0.2142,0.2142,0.2142,0.2142,118.0,1,0.2142
2023-05-14 16:57:00,0.2141,0.2141,0.2139,0.214,2140.0,10,0.21399406542056076
2023-05-14 16:58:00,0.2138,0.2138,0.2138,0.2138,237.0,2,0.2138
2023-05-14 16:59:00,0.2138,0.2139,0.2136,0.2138,8680.0,19,0.2136901728110599
2023-05-14 17:00:00,0.2139,0.2139,0.2138,0.2138,209.0,3,0.2138287081339713
2023-05-14 17:01:00,0.2137,0.2137,0.2134,0.2135,3645.0,13,0.2135830452674897
2023-05-14 17:02:00,0.2136,0.2136,0.2136,0.2136,2149.0,4,0.2136
2023-05-14 17:03:00,0.2136,0.2139,0.2136,0.2139,1342.0,7,0.21382369597615497
2023-05-14 17:04:00,0.2139,0.2139,0.2137,0.2137,583.0,4,0.21377667238421955
2023-05-14 17:05:00,0.2136,0.2136,0.2136,0.2136,238.0,2,0.21359999999999998
2023-05-14 17:06:00,,,,,0.0,0,
2023-05-14 17:07:00,,,,,0.0,0,
2023-05-14 17:08:00,0.2137,0.2138,0.2137,0.2138,238.0,2,0.21375000000000002
2023-05-14 17:09:00,0.2138,0.2138,0.2138,0.2138,119.0,1,0.2138
2023-05-14 17:10:00,,,,,0.0,0,
2023-05-14 17:11:00,0.2137,0.2137,0.2137,0.2137,355.0,3,0.2137
2023-05-14 17:12:00,0.2137,0.2137,0.2135,0.2135,594.0,5,0.21364006734006732
2023-05-14 17:13:00,0.2135,0.2135,0.2135,0.2135,119.0,1,0.21350000000000002
2023-05-14 17:14:00,0.2135,0.2135,0.2135,0.2135,1098.0,4,0.2135
2023-05-14 17:15:00,,,,,0.0,0,
2023-05-14 17:16:00,0.2135,0.2136,0.2135,0.2136,3091.0,7,0.21356046586865093
2023-05-14 17:17:00,0.2137,0.2137,0.2136,0.2136,14007.0,22,0.2136063039908617
2023-05-14 17:18:00,0.2136,0.2136,0.2136,0.2136,539.0,2,0.2136
2023-05-14 17:19:00,,,,,0.0,0,
2023-05-14 17:20:00,0.2136,0.2136,0.2135,0.2135,1113.0,4,0.21353171608265947
2023-05-14 17:21:00,0.2135,0.2136,0.2135,0.2136,177.0,3,0.21356666666666665
2023-05-14 17:22:00,0.2136,0.2136,0.2134,0.2136,7204.0,10,0.21346690727373682
2023-05-14 17:23:00,0.2136,0.2136,0.2134,0.2134,632.0,5,0.2134713607594937
2023-05-14 17:24:00,0.2134,0.2134,0.2131,0.2132,2528.0,22,0.21326024525316456
2023-05-14 17:25:00,0.2132,0.2132,0.2132,0.2132,224.0,3,0.2132
2023-05-14 17:26:00,0.2133,0.2133,0.2133,0.2133,3368.0,6,0.21330000000000002
2023-05-14 17:27:00,0.2133,0.2133,0.2133,0.2133,94.0,1,0.2133
2023-05-14 17:28:00,0.2134,0.2134,0.2134,0.2134,118.0,1,0.2134
2023-05-14 17:29:00,0.2135,0.2137,0.2135,0.2137,4329.0,10,0.2135957726957727
2023-05-14 17:30:00,0.2138,0.2139,0.2138,0.2138,1989.0,13,0.2138290598290598
2023-05-14 17:31:00,0.2136,0.2136,0.2135,0.2135,1000.0,3,0.21351190000000003
2023-05-14 17:32:00,0.2135,0.2135,0.2135,0.2135,119.0,1,0.21350000000000002
2023-05-14 17:33:00,,,,,0.0,0,
2023-05-14 17:34:00,,,,,0.0,0,
2023-05-14 17:35:00,0.2135,0.2136,0.2133,0.2134,1387.0,6,0.21342992069214128
2023-05-14 17:36:00,0.2134,0.2134,0.2134,0.2134,118.0,1,0.2134
2023-05-14 17:37:00,0.2134,0.2134,0.2133,0.2133,210.0,2,0.2133433333333333
2023-05-14 17:38:00,0.2133,0.2135,0.2133,0.2135,4568.0,8,0.21345656742556915
2023-05-14 17:39:00,,,,,0.0,0,
2023-05-14 17:40:00,0.2135,0.2135,0.2135,0.2135,64.0,1,0.2135
2023-05-14 17:41:00,0.2133,0.2133,0.2133,0.2133,94.0,1,0.2133
2023-05-14 17:42:00,0.2133,0.2133,0.2133,0.2133,143.0,2,0.2133
2023-05-14 17:43:00,,,,,0.0,0,
2023-05-14 17:44:00,0.2133,0.2133,0.2133,0.2133,118.0,1,0.2133
2023-05-14 17:45:00,,,,,0.0,0,
2023-05-14 17:46:00,,,,,0.0,0,
2023-05-14 17:47:00,0.2134,0.2134,0.2134,0.2134,93.0,1,0.2134
2023-05-14 17:48:00,0.2133,0.2133,0.2131,0.2132,1493.0,8,0.2131405224380442
2023-05-14 17:49:00,0.2132,0.2132,0.2132,0.2132,60.0,1,0.2132
2023-05-14 17:50:00,,,,,0.0,0,
2023-05-14 17:51:00,0.2132,0.2132,0.2131,0.2131,219.0,2,0.21315433789954336
2023-05-14 17:52:00,0.2131,0.2135,0.2131,0.2135,3254.0,8,0.2131648125384143
2023-05-14 17:53:00,0.2134,0.2134,0.2132,0.2132,2977.0,3,0.2133523681558616
2023-05-14 17:54:00,,,,,0.0,0,
2023-05-14 17:55:00,0.2133,0.2133,0.2133,0.2133,119.0,1,0.2133
2023-05-14 17:56:00,,,,,0.0,0,
2023-05-14 17:57:00,0.2131,0.2131,0.2131,0.2131,286.0,3,0.2131
2023-05-14 17:58:00,0.2132,0.2133,0.213,0.2133,4912.0,13,0.2131068403908795
2023-05-14 17:59:00,0.2133,0.2133,0.2133,0.2133,424.0,3,0.2133
2023-05-14 18:00:00,0.2132,0.2132,0.2132,0.2132,1422.0,5,0.21319999999999997
2023-05-14 18:01:00,,,,,0.0,0,
2023-05-14 18:02:00,,,,,0.0,0,
2023-05-14 18:03:00,0.2131,0.2132,0.2131,0.2132,943.0,4,0.21317486744432665
2023-05-14 18:04:00,0.2132,0.2132,0.2132,0.2132,237.0,4,0.2132
2023-05-14 18:05:00,0.2132,0.2132,0.2132,0.2132,119.0,1,0.2132
2023-05-14 18:06:00,0.2133,0.2133,0.2133,0.2133,721.0,3,0.2133
2023-05-14 18:07:00,0.2132,0.2132,0.2132,0.2132,79.0,1,0.2132
2023-05-14 18:08:00,0.2132,0.2132,0.2132,0.2132,131.0,2,0.2132
2023-05-14 18:09:00,,,,,0.0,0,
2023-05-14 18:10:00,,,,,0.0,0,
2023-05-14 18:11:00,0.2132,0.2132,0.2132,0.2132,60.0,2,0.2132
2023-05-14 18:12:00,,,,,0.0,0,
2023-05-14 18:13:00,0.2132,0.2134,0.2132,0.2134,670.0,4,0.2133168656716418
2023-05-14 18:14:00,0.2134,0.2135,0.2134,0.2134,3142.0,10,0.21341123488224062
2023-05-14 18:15:00,0.2136,0.2137,0.2135,0.2135,1341.0,7,0.21360395227442208
2023-05-14 18:16:00,0.2134,0.2134,0.2125,0.2125,6939.0,21,0.21294376711341692
2023-05-14 18:17:00,0.2123,0.213,0.2123,0.213,2619.0,23,0.21268671248568152
2023-05-14 18:18:00,0.2129,0.213,0.2129,0.213,4691.0,11,0.21290255808995948
2023-05-14 18:19:00,0.2131,0.2131,0.2129,0.2129,827.0,4,0.21294353083434098
2023-05-14 18:20:00,0.213,0.213,0.2127,0.213,1865.0,14,0.21288332439678284
2023-05-14 18:21:00,0.2131,0.2132,0.213,0.2132,1006.0,8,0.21309304174950297
2023-05-14 18:22:00,0.2131,0.2131,0.2131,0.2131,120.0,1,0.21309999999999998
2023-05-14 18:23:00,,,,,0.0,0,
2023-05-14 18:24:00,0.213,0.213,0.213,0.213,195.0,2,0.213
2023-05-14 18:25:00,0.2131,0.2132,0.2131,0.2132,10529.0,13,0.21319670434039317
2023-05-14 18:26:00,0.2131,0.2131,0.2131,0.2131,118.0,1,0.2131
2023-05-14 18:27:00,0.2131,0.2131,0.2131,0.2131,119.0,1,0.21309999999999998
2023-05-14 18:28:00,0.2132,0.2132,0.2132,0.2132,119.0,2,0.21320000000000003
2023-05-14 18:29:00,,,,,0.0,0,
2023-05-14 18:30:00,0.2132,0.2132,0.2131,0.2131,1097.0,3,0.21311084776663627
2023-05-14 18:31:00,,,,,0.0,0,
2023-05-14 18:32:00,0.2133,0.2133,0.2133,0.2133,795.0,1,0.2133
2023-05-14 18:33:00,0.2133,0.2135,0.2133,0.2135,1673.0,10,0.2133946204423192
2023-05-14 18:34:00,0.2134,0.2134,0.2134,0.2134,119.0,1,0.2134
2023-05-14 18:35:00,,,,,0.0,0,
2023-05-14 18:36:00,,,,,0.0,0,
2023-05-14 18:37:00,0.2134,0.2134,0.2134,0.2134,473.0,4,0.21339999999999998
2023-05-14 18:38:00,,,,,0.0,0,
2023-05-14 18:39:00,,,,,0.0,0,
2023-05-14 18:40:00,0.2134,0.2134,0.2134,0.2134,118.0,1,0.2134
2023-05-14 18:41:00,0.2134,0.2134,0.2134,0.2134,3514.0,4,0.2134
2023-05-14 18:42:00,0.2134,0.2134,0.2133,0.2133,2505.0,6,0.21330471057884232
2023-05-14 18:43:00,,,,,0.0,0,
2023-05-14 18:44:00,,,,,0.0,0,
2023-05-14 18:45:00,0.2133,0.2133,0.2132,0.2132,844.0,4,0.2132719194312796
2023-05-14 18:46:00,0.2131,0.2132,0.2131,0.2132,238.0,3,0.21314999999999998
2023-05-14 18:47:00,,,,,0.0,0,
2023-05-14 18:48:00,0.2132,0.2132,0.2129,0.213,952.0,8,0.21300000000000002
2023-05-14 18:49:00,,,,,0.0,0,
2023-05-14 18:50:00,0.2129,0.2129,0.2128,0.2128,649.0,2,0.21281833590138674
2023-05-14 18:51:00,0.2129,0.2129,0.2128,0.2128,356.0,3,0.2128331460674157
2023-05-14 18:52:00,0.2129,0.2129,0.2129,0.2129,240.0,3,0.21289999999999998
2023-05-14 18:53:00,,,,,0.0,0,
2023-05-14 18:54:00,,,,,0.0,0,
2023-05-14 18:55:00,0.2128,0.2129,0.2128,0.2129,912.0,3,0.21289342105263157
2023-05-14 18:56:00,0.213,0.213,0.213,0.213,120.0,1,0.213
2023-05-14 18:57:00,0.213,0.213,0.213,0.213,118.0,1,0.213
2023-05-14 18:58:00,,,,,0.0,0,
2023-05-14 18:59:00,,,,,0.0,0,
2023-05-14 19:00:00,0.213,0.213,0.2129,0.2129,354.0,2,0.21293389830508477
2023-05-14 19:01:00,0.2128,0.2129,0.2126,0.2129,1170.0,10,0.21270162393162395
2023-05-14 19:02:00,0.2129,0.2129,0.2129,0.2129,120.0,1,0.21289999999999998
2023-05-14 19:03:00,0.2128,0.2128,0.2127,0.2127,1358.0,4,0.21270883652430045
2023-05-14 19:04:00,0.2127,0.2127,0.2125,0.2125,3284.0,8,0.21251954933008527
2023-05-14 19:05:00,0.2125,0.2129,0.2125,0.2128,18536.0,42,0.2126831786793267
2023-05-14 19:06:00,0.2128,0.2128,0.2127,0.2127,3387.0,7,0.21279645704162978
2023-05-14 19:07:00,0.2128,0.2128,0.2128,0.2128,100.0,1,0.21280000000000002
2023-05-14 19:08:00,0.2128,0.2128,0.2128,0.2128,477.0,2,0.2128
2023-05-14 19:09:00,0.2128,0.2128,0.2128,0.2128,528.0,1,0.21280000000000002
2023-05-14 19:10:00,,,,,0.0,0,
2023-05-14 19:11:00,0.2128,0.213,0.2128,0.2129,9097.0,14,0.2129732219412993
2023-05-14 19:12:00,,,,,0.0,0,
2023-05-14 19:13:00,0.2126,0.2126,0.2126,0.2126,434.0,2,0.2126
2023-05-14 19:14:00,0.2126,0.2126,0.2126,0.2126,120.0,1,0.2126
2023-05-14 19:15:00,0.2126,0.2127,0.2126,0.2127,5332.0,7,0.2126929857464366
2023-05-14 19:16:00,,,,,0.0,0,
2023-05-14 19:17:00,,,,,0.0,0,
2023-05-14 19:18:00,0.2127,0.2127,0.2126,0.2126,7880.0,6,0.21269939086294415
2023-05-14 19:19:00,0.2126,0.2126,0.2126,0.2126,310.0,4,0.2126
2023-05-14 19:20:00,0.2125,0.2125,0.2122,0.2123,2036.0,11,0.2122866895874263
2023-05-14 19:21:00,0.2122,0.2122,0.2122,0.2122,118.0,1,0.2122
2023-05-14 19:22:00,,,,,0.0,0,
2023-05-14 19:23:00,0.2122,0.2124,0.212,0.2124,2505.0,19,0.21221205588822353
2023-05-14 19:24:00,0.2123,0.2124,0.2123,0.2124,1034.0,6,0.21233471953578337
2023-05-14 19:25:00,0.2123,0.2123,0.2121,0.2121,1027.0,7,0.21215822784810126
2023-05-14 19:26:00,0.2119,0.2123,0.2119,0.2122,1654.0,8,0.21220296251511486
2023-05-14 19:27:00,0.2121,0.2122,0.2121,0.2122,572.0,5,0.21216258741258742
2023-05-14 19:28:00,0.2123,0.2126,0.2123,0.2125,1860.0,21,0.21251897849462367
2023-05-14 19:29:00,0.2123,0.2123,0.2123,0.2123,1249.0,3,0.2123
2023-05-14 19:30:00,0.2122,0.2122,0.2121,0.2121,359.0,4,0.212133426183844
2023-05-14 19:31:00,0.2121,0.2121,0.2121,0.2121,1575.0,2,0.2121
2023-05-14 19:32:00,0.2123,0.2123,0.2123,0.2123,1216.0,4,0.2123
2023-05-14 19:33:00,0.2124,0.2125,0.2124,0.2124,740.0,6,0.21245135135135135
2023-05-14 19:34:00,,,,,0.0,0,
2023-05-14 19:35:00,0.2124,0.2124,0.2124,0.2124,2239.0,6,0.2124
2023-05-14 19:36:00,0.2124,0.2124,0.2122,0.2122,1137.0,4,0.21223139841688654
2023-05-14 19:37:00,0.2121,0.2121,0.2121,0.2121,824.0,3,0.21209999999999998
2023-05-14 19:38:00,0.2119,0.2121,0.2119,0.2121,2146.0,6,0.21200554520037276
2023-05-14 19:39:00,0.212,0.212,0.2119,0.2119,1099.0,3,0.21198908098271155
2023-05-14 19:40:00,0.212,0.2122,0.212,0.2122,355.0,3,0.21209859154929578
2023-05-14 19:41:00,0.2121,0.2121,0.212,0.212,171.0,2,0.21207017543859652
2023-05-14 19:42:00,,,,,0.0,0,
2023-05-14 19:43:00,,,,,0.0,0,
2023-05-14 19:44:00,,,,,0.0,0,
2023-05-14 19:45:00,0.2122,0.2123,0.2122,0.2123,2737.0,9,0.2122998173182316
2023-05-14 19:46:00,0.2124,0.2124,0.2123,0.2123,1505.0,5,0.21239202657807307
2023-05-14 19:47:00,,,,,0.0,0,
2023-05-14 19:48:00,,,,,0.0,0,
2023-05-14 19:49:00,,,,,0.0,0,
2023-05-14 19:50:00,0.2123,0.2123,0.2123,0.2123,119.0,1,0.2123
2023-05-14 19:51:00,,,,,0.0,0,
2023-05-14 19:52:00,,,,,0.0,0,
2023-05-14 19:53:00,,,,,0.0,0,
2023-05-14 19:54:00,,,,,0.0,0,
2023-05-14 19:55:00,,,,,0.0,0,
2023-05-14 19:56:00,0.2123,0.2124,0.2123,0.2124,478.0,4,0.21234979079497907
2023-05-14 19:57:00,0.2125,0.2126,0.2123,0.2123,957.0,8,0.21253646812957158
2023-05-14 19:58:00,0.2123,0.2123,0.2123,0.2123,240.0,2,0.2123
2023-05-14 19:59:00,,,,,0.0,0,
2023-05-14 20:00:00,0.2123,0.2124,0.2123,0.2124,989.0,6,0.2123758341759353
2023-05-14 20:01:00,0.2123,0.2123,0.2119,0.2122,5702.0,14,0.21212504384426517
2023-05-14 20:02:00,0.2121,0.2125,0.2121,0.2125,9846.0,20,0.21231176112126754
2023-05-14 20:03:00,0.2124,0.2124,0.2121,0.2121,4225.0,9,0.21229689940828403
2023-05-14 20:04:00,0.2121,0.2123,0.2121,0.2123,1452.0,4,0.2121406336088154
2023-05-14 20:05:00,0.2122,0.2124,0.2122,0.2124,3833.0,9,0.2123534829115575
2023-05-14 20:06:00,0.2124,0.2125,0.2124,0.2125,2774.0,4,0.21240511896178801
2023-05-14 20:07:00,,,,,0.0,0,
2023-05-14 20:08:00,0.2123,0.2124,0.2123,0.2124,1893.0,10,0.21237047015319596
2023-05-14 20:09:00,0.2124,0.2127,0.2124,0.2127,2922.0,14,0.21253579739904174
2023-05-14 20:10:00,0.2127,0.2129,0.2127,0.2127,7223.0,25,0.21273751903641147
2023-05-14 20:11:00,0.2127,0.2127,0.2127,0.2127,569.0,3,0.21269999999999997
2023-05-14 20:12:00,0.2127,0.2127,0.2127,0.2127,321.0,1,0.21270000000000003
2023-05-14 20:13:00,0.2128,0.2129,0.2128,0.2129,392.0,3,0.21286938775510203
2023-05-14 20:14:00,,,,,0.0,0,
2023-05-14 20:15:00,,,,,0.0,0,
2023-05-14 20:16:00,,,,,0.0,0,
2023-05-14 20:17:00,0.2129,0.2129,0.2129,0.2129,98.0,1,0.2129
2023-05-14 20:18:00,0.2129,0.2131,0.2129,0.213,7662.0,9,0.21299587575045678
2023-05-14 20:19:00,,,,,0.0,0,
2023-05-14 20:20:00,0.2127,0.2128,0.2127,0.2128,1752.0,4,0.2127699200913242
2023-05-14 20:21:00,0.2128,0.213,0.2128,0.213,3488.0,8,0.21292385321100918
2023-05-14 20:22:00,,,,,0.0,0,
2023-05-14 20:23:00,0.2129,0.2129,0.2129,0.2129,978.0,2,0.21289999999999998
2023-05-14 20:24:00,0.2128,0.213,0.2128,0.213,3398.0,6,0.2129894055326663
2023-05-14 20:25:00,0.2129,0.2129,0.2129,0.2129,100.0,1,0.21289999999999998
2023-05-14 20:26:00,0.213,0.2132,0.213,0.2132,1870.0,5,0.2131290909090909
2023-05-14 20:27:00,0.2132,0.2132,0.2132,0.2132,400.0,1,0.2132
2023-05-14 20:28:00,,,,,0.0,0,
2023-05-14 20:29:00,,,,,0.0,0,
2023-05-14 20:30:00,0.2132,0.2132,0.2132,0.2132,118.0,1,0.2132
2023-05-14 20:31:00,0.2133,0.2134,0.2133,0.2134,964.0,3,0.21338775933609958
2023-05-14 20:32:00,0.2133,0.2133,0.2133,0.2133,180.0,2,0.2133
2023-05-14 20:33:00,,,,,0.0,0,
2023-05-14 20:34:00,,,,,0.0,0,
2023-05-14 20:35:00,0.2134,0.2134,0.2134,0.2134,119.0,1,0.2134
2023-05-14 20:36:00,0.2133,0.2134,0.2133,0.2134,1391.0,4,0.21339151689432065
2023-05-14 20:37:00,0.2134,0.2135,0.2134,0.2135,2455.0,6,0.21340305498981668
2023-05-14 20:38:00,0.2134,0.2134,0.2134,0.2134,119.0,1,0.2134
2023-05-14 20:39:00,,,,,0.0,0,
2023-05-14 20:40:00,0.2134,0.2134,0.2134,0.2134,119.0,1,0.2134
2023-05-14 20:41:00,,,,,0.0,0,
2023-05-14 20:42:00,,,,,0.0,0,
2023-05-14 20:43:00,0.2134,0.2135,0.2134,0.2135,10119.0,8,0.21345438284415455
2023-05-14 20:44:00,0.2135,0.2135,0.2135,0.2135,119.0,1,0.21350000000000002
2023-05-14 20:45:00,0.2134,0.2134,0.2134,0.2134,94.0,1,0.2134
2023-05-14 20:46:00,0.2135,0.2135,0.2135,0.2135,56.0,1,0.2135
2023-05-14 20:47:00,0.2134,0.2134,0.2134,0.2134,74.0,2,0.21339999999999998
2023-05-14 20:48:00,0.2135,0.2139,0.2135,0.2137,6265.0,17,0.2137695770151636
2023-05-14 20:49:00,,,,,0.0,0,
2023-05-14 20:50:00,0.2138,0.2138,0.2138,0.2138,18128.0,6,0.21380000000000002
2023-05-14 20:51:00,0.2137,0.2137,0.2136,0.2136,130.0,2,0.21365384615384614
2023-05-14 20:52:00,,,,,0.0,0,
2023-05-14 20:53:00,0.2137,0.2137,0.2137,0.2137,9157.0,4,0.2137
2023-05-14 20:54:00,,,,,0.0,0,
2023-05-14 20:55:00,0.2136,0.2136,0.2136,0.2136,249.0,2,0.2136
2023-05-14 20:56:00,0.2137,0.2137,0.2137,0.2137,119.0,1,0.2137
2023-05-14 20:57:00,,,,,0.0,0,
2023-05-14 20:58:00,,,,,0.0,0,
2023-05-14 20:59:00,0.2138,0.2138,0.2138,0.2138,364.0,2,0.2138
2023-05-14 21:00:00,0.2138,0.2138,0.2135,0.2135,19696.0,12,0.21378378350934202
2023-05-14 21:01:00,0.2135,0.2136,0.2134,0.2136,12013.0,22,0.21346643636060933
2023-05-14 21:02:00,0.2136,0.2138,0.2136,0.2138,439.0,5,0.213750569476082
2023-05-14 21:03:00,0.2137,0.2137,0.2137,0.2137,3248.0,2,0.21369999999999997
2023-05-14 21:04:00,0.2138,0.2138,0.2138,0.2138,241.0,3,0.2138
2023-05-14 21:05:00,0.2137,0.214,0.2137,0.214,7693.0,14,0.2138297803197712
2023-05-14 21:06:00,0.214,0.2142,0.214,0.214,10357.0,12,0.21415631939750893
2023-05-14 21:07:00,,,,,0.0,0,
2023-05-14 21:08:00,0.214,0.214,0.2138,0.2138,7814.0,10,0.2138892500639877
2023-05-14 21:09:00,0.2139,0.2139,0.2139,0.2139,377.0,3,0.21389999999999998
2023-05-14 21:10:00,,,,,0.0,0,
2023-05-14 21:11:00,,,,,0.0,0,
2023-05-14 21:12:00,,,,,0.0,0,
2023-05-14 21:13:00,,,,,0.0,0,
2023-05-14 21:14:00,,,,,0.0,0,
2023-05-14 21:15:00,0.2139,0.2139,0.2137,0.2137,5531.0,12,0.21379839088772373
2023-05-14 21:16:00,,,,,0.0,0,
2023-05-14 21:17:00,,,,,0.0,0,
2023-05-14 21:18:00,0.2136,0.2136,0.2136,0.2136,119.0,1,0.21359999999999998
2023-05-14 21:19:00,0.2135,0.2135,0.2134,0.2134,10000.0,8,0.21343756
2023-05-14 21:20:00,0.2136,0.2136,0.2136,0.2136,978.0,2,0.2136
2023-05-14 21:21:00,,,,,0.0,0,
2023-05-14 21:22:00,,,,,0.0,0,
2023-05-14 21:23:00,,,,,0.0,0,
2023-05-14 21:24:00,0.2136,0.2136,0.2136,0.2136,979.0,2,0.21359999999999998
2023-05-14 21:25:00,0.2136,0.2137,0.2136,0.2137,4087.0,9,0.2136971127966724
2023-05-14 21:26:00,,,,,0.0,0,
2023-05-14 21:27:00,0.2138,0.2138,0.2138,0.2138,476.0,4,0.2138
2023-05-14 21:28:00,0.2138,0.2138,0.2138,0.2138,356.0,3,0.2138
2023-05-14 21:29:00,,,,,0.0,0,
2023-05-14 21:30:00,,,,,0.0,0,
2023-05-14 21:31:00,,,,,0.0,0,
2023-05-14 21:32:00,0.2137,0.2137,0.2137,0.2137,145.0,2,0.2137
2023-05-14 21:33:00,,,,,0.0,0,
2023-05-14 21:34:00,0.2137,0.2139,0.2137,0.2139,3768.0,6,0.21378174097664543
2023-05-14 21:35:00,,,,,0.0,0,
2023-05-14 21:36:00,0.2139,0.2139,0.2139,0.2139,257.0,1,0.21389999999999998
2023-05-14 21:37:00,,,,,0.0,0,
2023-05-14 21:38:00,,,,,0.0,0,
2023-05-14 21:39:00,0.2138,0.2138,0.2138,0.2138,243.0,1,0.21380000000000002
2023-05-14 21:40:00,,,,,0.0,0,
2023-05-14 21:41:00,0.2139,0.2139,0.2139,0.2139,2359.0,1,0.2139
2023-05-14 21:42:00,,,,,0.0,0,
2023-05-14 21:43:00,0.2139,0.214,0.2139,0.214,1431.0,5,0.21391516422082463
2023-05-14 21:44:00,0.2139,0.214,0.2138,0.2139,5220.0,10,0.21386001915708813
2023-05-14 21:45:00,0.214,0.214,0.214,0.214,850.0,3,0.21399999999999997
2023-05-14 21:46:00,0.214,0.214,0.214,0.214,467.0,1,0.214
2023-05-14 21:47:00,0.214,0.2142,0.2139,0.214,11108.0,15,0.21412854699315806
2023-05-14 21:48:00,0.214,0.214,0.214,0.214,2846.0,6,0.214
2023-05-14 21:49:00,0.214,0.2141,0.214,0.2141,3810.0,5,0.21404267716535433
2023-05-14 21:50:00,0.2142,0.2143,0.2142,0.2143,2216.0,7,0.2142206227436823
2023-05-14 21:51:00,0.2143,0.2143,0.2143,0.2143,118.0,2,0.2143
2023-05-14 21:52:00,0.2142,0.2142,0.2142,0.2142,1532.0,3,0.2142
2023-05-14 21:53:00,0.2142,0.2142,0.2142,0.2142,959.0,5,0.2142
2023-05-14 21:54:00,0.2143,0.2144,0.2143,0.2143,592.0,6,0.21431993243243241
2023-05-14 21:55:00,0.2143,0.2143,0.214,0.214,13351.0,8,0.21416411504756197
2023-05-14 21:56:00,,,,,0.0,0,
2023-05-14 21:57:00,,,,,0.0,0,
2023-05-14 21:58:00,0.214,0.214,0.214,0.214,298.0,1,0.214
2023-05-14 21:59:00,,,,,0.0,0,
2023-05-14 22:00:00,0.2141,0.2141,0.214,0.214,4009.0,6,0.21402753803941132
2023-05-14 22:01:00,0.214,0.2142,0.214,0.2142,6155.0,8,0.21412141348497157
2023-05-14 22:02:00,0.2142,0.2144,0.2142,0.2144,6450.0,17,0.21422032558139534
2023-05-14 22:03:00,0.2144,0.2144,0.2144,0.2144,213.0,2,0.2144
2023-05-14 22:04:00,0.2144,0.2144,0.2144,0.2144,62.0,2,0.2144
2023-05-14 22:05:00,,,,,0.0,0,
2023-05-14 22:06:00,0.2144,0.2145,0.2144,0.2145,3616.0,14,0.21448714048672568
2023-05-14 22:07:00,0.2145,0.2145,0.2145,0.2145,1711.0,3,0.2145
2023-05-14 22:08:00,0.2145,0.2147,0.2145,0.2147,1862.0,6,0.21458490870032224
2023-05-14 22:09:00,,,,,0.0,0,
2023-05-14 22:10:00,,,,,0.0,0,
2023-05-14 22:11:00,0.2148,0.2149,0.2148,0.2149,281.0,3,0.21485800711743774
2023-05-14 22:12:00,0.2149,0.215,0.2148,0.2149,7099.0,13,0.21488473024369628
2023-05-14 22:13:00,0.2149,0.2149,0.2149,0.2149,117.0,1,0.2149
2023-05-14 22:14:00,0.2149,0.2149,0.2149,0.2149,721.0,1,0.2149
2023-05-14 22:15:00,0.2149,0.2149,0.2149,0.2149,3650.0,1,0.2149
2023-05-14 22:16:00,,,,,0.0,0,
2023-05-14 22:17:00,,,,,0.0,0,
2023-05-14 22:18:00,0.2148,0.2148,0.2148,0.2148,117.0,2,0.2148
2023-05-14 22:19:00,,,,,0.0,0,
2023-05-14 22:20:00,0.2148,0.2148,0.2148,0.2148,52.0,1,0.21480000000000002
2023-05-14 22:21:00,0.2149,0.2153,0.2149,0.2152,5618.0,37,0.21517867568529722
2023-05-14 22:22:00,,,,,0.0,0,
2023-05-14 22:23:00,0.2152,0.2154,0.2152,0.2153,5695.0,14,0.215305601404741
2023-05-14 22:24:00,0.2154,0.2155,0.2153,0.2153,1461.0,10,0.21546475017111566
2023-05-14 22:25:00,0.2154,0.2154,0.2154,0.2154,714.0,4,0.2154
2023-05-14 22:26:00,0.2155,0.2156,0.2155,0.2155,1304.0,8,0.21556763803680978
2023-05-14 22:27:00,0.2155,0.2155,0.2155,0.2155,48.0,1,0.2155
2023-05-14 22:28:00,0.2155,0.2155,0.2154,0.2154,2546.0,4,0.2154046347211312
2023-05-14 22:29:00,0.2154,0.2154,0.2153,0.2154,18888.0,41,0.21539093604404913
2023-05-14 22:30:00,0.2154,0.2155,0.2154,0.2155,1465.0,5,0.2154080546075085
2023-05-14 22:31:00,0.2155,0.2155,0.2154,0.2154,536.0,3,0.21542201492537313
2023-05-14 22:32:00,0.2155,0.2155,0.2155,0.2155,118.0,1,0.2155
2023-05-14 22:33:00,0.2156,0.2157,0.2155,0.2157,19976.0,23,0.21560642270724872
2023-05-14 22:34:00,0.2157,0.2157,0.2156,0.2156,5581.0,10,0.21562336498835336
2023-05-14 22:35:00,,,,,0.0,0,
2023-05-14 22:36:00,0.2156,0.2156,0.2151,0.2154,50153.0,49,0.21528922497158695
2023-05-14 22:37:00,0.2154,0.2154,0.2154,0.2154,68.0,1,0.2154
2023-05-14 22:38:00,0.2155,0.2155,0.2154,0.2154,2800.0,6,0.2154115714285714
2023-05-14 22:39:00,0.2153,0.2154,0.2153,0.2154,7219.0,4,0.21533598836403936
2023-05-14 22:40:00,,,,,0.0,0,
2023-05-14 22:41:00,0.2154,0.2154,0.2153,0.2153,3471.0,7,0.2153038893690579
2023-05-14 22:42:00,0.2154,0.2157,0.2154,0.2156,1641.0,7,0.21565685557586836
2023-05-14 22:43:00,0.2156,0.2156,0.2155,0.2156,686.0,4,0.215569387755102
2023-05-14 22:44:00,0.2156,0.2156,0.2156,0.2156,655.0,1,0.21559999999999999
2023-05-14 22:45:00,0.2156,0.2156,0.2156,0.2156,1881.0,3,0.2156
2023-05-14 22:46:00,0.2155,0.2156,0.2155,0.2156,2580.0,3,0.21558612403100774
2023-05-14 22:47:00,0.2156,0.2156,0.2156,0.2156,49.0,1,0.21559999999999999
2023-05-14 22:48:00,0.2156,0.2158,0.2156,0.2157,6343.0,17,0.21571970676336122
2023-05-14 22:49:00,0.2157,0.2157,0.2157,0.2157,118.0,1,0.2157
2023-05-14 22:50:00,0.2157,0.2157,0.2157,0.2157,919.0,4,0.2157
2023-05-14 22:51:00,0.2157,0.2157,0.2156,0.2157,34872.0,14,0.2156997304427621
2023-05-14 22:52:00,0.2157,0.2157,0.2157,0.2157,328.0,5,0.21569999999999995
2023-05-14 22:53:00,0.2157,0.2157,0.2157,0.2157,6567.0,4,0.2157
2023-05-14 22:54:00,0.2158,0.2159,0.2158,0.2159,6089.0,11,0.21584977828871738
2023-05-14 22:55:00,0.2158,0.216,0.2158,0.216,6205.0,14,0.21599471394037068
2023-05-14 22:56:00,0.2159,0.2159,0.2158,0.2158,3563.0,6,0.2158483581251754
2023-05-14 22:57:00,0.2158,0.2158,0.2158,0.2158,301.0,1,0.2158
2023-05-14 22:58:00,0.2159,0.2159,0.2158,0.2159,49763.0,22,0.2158997628760324
2023-05-14 22:59:00,0.2158,0.2158,0.2157,0.2157,21082.0,12,0.21578344085001422
2023-05-14 23:00:00,0.2157,0.2157,0.2157,0.2157,14242.0,9,0.21569999999999998
2023-05-14 23:01:00,,,,,0.0,0,
2023-05-14 23:02:00,0.2157,0.2159,0.2157,0.2159,9844.0,10,0.21577446160097521
2023-05-14 23:03:00,0.2157,0.2158,0.2156,0.2156,2292.0,12,0.2157519197207679
2023-05-14 23:04:00,0.2156,0.2156,0.2153,0.2154,7875.0,14,0.21556770793650795
2023-05-14 23:05:00,0.2154,0.2154,0.2154,0.2154,187.0,3,0.21539999999999998
2023-05-14 23:06:00,0.2154,0.2154,0.2154,0.2154,14566.0,12,0.21540000000000004
2023-05-14 23:07:00,,,,,0.0,0,
2023-05-14 23:08:00,0.2153,0.2153,0.2152,0.2152,1704.0,2,0.21529548122065728
2023-05-14 23:09:00,0.2153,0.2153,0.2152,0.2152,5984.0,10,0.21525501336898395
2023-05-14 23:10:00,0.2152,0.2152,0.215,0.215,11444.0,3,0.21519793778399163
2023-05-14 23:11:00,0.2147,0.2147,0.2147,0.2147,51.0,1,0.2147
2023-05-14 23:12:00,0.2147,0.2153,0.2147,0.2151,7881.0,16,0.21496364674533686
2023-05-14 23:13:00,0.2152,0.2152,0.2152,0.2152,11799.0,23,0.2152
2023-05-14 23:14:00,0.2152,0.2152,0.2151,0.2151,4014.0,6,0.21510293971101144
2023-05-14 23:15:00,0.2151,0.2151,0.215,0.2151,13906.0,18,0.2150597943333813
2023-05-14 23:16:00,,,,,0.0,0,
2023-05-14 23:17:00,,,,,0.0,0,
2023-05-14 23:18:00,0.215,0.2151,0.215,0.2151,1351.0,4,0.2150087342709104
2023-05-14 23:19:00,0.2151,0.2151,0.2151,0.2151,118.0,1,0.21509999999999999
2023-05-14 23:20:00,0.2151,0.2151,0.2151,0.2151,470.0,4,0.21509999999999999
2023-05-14 23:21:00,0.2152,0.2155,0.2152,0.2155,17979.0,27,0.21531150230824853
2023-05-14 23:22:00,0.2155,0.2155,0.2154,0.2154,1769.0,3,0.21549468626342563
2023-05-14 23:23:00,,,,,0.0,0,
2023-05-14 23:24:00,0.2155,0.2156,0.2154,0.2156,18254.0,13,0.21549678426646215
2023-05-14 23:25:00,0.2155,0.2156,0.2155,0.2156,30469.0,8,0.21555332961370574
2023-05-14 23:26:00,0.2157,0.2159,0.2157,0.2158,6932.0,14,0.2158571984997115
2023-05-14 23:27:00,,,,,0.0,0,
2023-05-14 23:28:00,0.2158,0.2159,0.2158,0.2158,753.0,5,0.2158718459495352
2023-05-14 23:29:00,0.2159,0.216,0.2159,0.2159,3411.0,6,0.21591659337437705
2023-05-14 23:30:00,0.2158,0.2158,0.2155,0.2155,2838.0,7,0.2155933403805497
2023-05-14 23:31:00,,,,,0.0,0,
2023-05-14 23:32:00,0.2156,0.2157,0.2156,0.2157,236.0,2,0.21565
2023-05-14 23:33:00,0.2159,0.2159,0.2159,0.2159,1108.0,3,0.21589999999999998
2023-05-14 23:34:00,0.216,0.216,0.216,0.216,462.0,1,0.216
2023-05-14 23:35:00,0.216,0.2164,0.216,0.2162,53000.0,62,0.21606769056603775
2023-05-14 23:36:00,0.2162,0.2162,0.2162,0.2162,449.0,3,0.2162
2023-05-14 23:37:00,0.2162,0.2162,0.2161,0.2161,17886.0,11,0.21610546237280556
2023-05-14 23:38:00,,,,,0.0,0,
2023-05-14 23:39:00,,,,,0.0,0,
2023-05-14 23:40:00,0.2162,0.2163,0.2162,0.2163,2863.0,8,0.2162973454418442
2023-05-14 23:41:00,0.2164,0.2165,0.2164,0.2164,6204.0,8,0.2164929239200516
2023-05-14 23:42:00,0.2164,0.2164,0.2163,0.2164,1866.0,5,0.21639876741693462
2023-05-14 23:43:00,,,,,0.0,0,
2023-05-14 23:44:00,0.2164,0.2164,0.2164,0.2164,16740.0,9,0.2164
2023-05-14 23:45:00,0.2164,0.2164,0.2164,0.2164,5874.0,1,0.21639999999999998
2023-05-14 23:46:00,0.2163,0.2163,0.2161,0.2162,1500.0,8,0.21619286666666668
2023-05-14 23:47:00,0.2161,0.2161,0.2158,0.2159,4807.0,19,0.21590174745163304
2023-05-14 23:48:00,0.216,0.216,0.216,0.216,118.0,1,0.216
2023-05-14 23:49:00,,,,,0.0,0,
2023-05-14 23:50:00,,,,,0.0,0,
2023-05-14 23:51:00,,,,,0.0,0,
2023-05-14 23:52:00,0.216,0.216,0.2159,0.2159,5876.0,9,0.2159307862491491
2023-05-14 23:53:00,0.216,0.216,0.216,0.216,87.0,1,0.21600000000000003
2023-05-14 23:54:00,,,,,0.0,0,
2023-05-14 23:55:00,0.2161,0.2165,0.2161,0.2165,7433.0,18,0.2161484864792143
2023-05-14 23:56:00,0.2164,0.2164,0.2164,0.2164,118.0,1,0.2164
2023-05-14 23:57:00,0.2163,0.2163,0.2163,0.2163,93.0,1,0.2163
2023-05-14 23:58:00,0.2163,0.2163,0.2163,0.2163,372.0,2,0.2163
2023-05-14 23:59:00,0.2163,0.2163,0.2163,0.2163,737.0,4,0.2163
